accel.x,accel.y,accel.z,gyro.x,gyro.y,gyro.z
1.1035052490234376,0.5601351928710938,2.185455322265625,-0.6030534351145038,0.8167938931297709,-1.5419847328244274
0.2751278686523438,1.3930032348632813,1.4879058837890626,0.4198473282442748,0.9541984732824427,-2.091603053435114
0.7176077270507812,1.9501446533203126,0.7119195556640625,0.4580152671755725,0.4961832061068702,-0.38167938931297707
1.005908203125,-1.4220428466796875,1.6283139038085939,-0.46564885496183206,-0.10687022900763359,0.2900763358778626
1.40108642578125,-0.6253994750976563,0.5275030517578125,-0.030534351145038167,0.4580152671755725,-0.4198473282442748
1.0891351318359375,-0.2963836669921875,0.2859054565429688,0.5190839694656488,0.17557251908396945,-0.06870229007633588
1.0265652465820314,-0.49906219482421876,0.3335064697265625,-0.1297709923664122,0.03816793893129771,-0.030534351145038167
1.0852432250976562,-0.559237060546875,0.26614654541015625,-0.11450381679389313,0.0,0.022900763358778626
1.005908203125,-0.29309051513671874,0.26345214843750003,-0.1450381679389313,0.030534351145038167,-0.015267175572519083
0.999920654296875,-0.18411712646484377,0.22543121337890626,-0.2748091603053435,0.09923664122137404,0.0
0.681383056640625,-0.1586700439453125,0.2245330810546875,-0.06870229007633588,-0.061068702290076333,0.06870229007633588
0.8448431396484375,-0.255069580078125,0.05179229736328125,0.1450381679389313,0.0,-0.022900763358778626
0.6517446899414063,-0.12633728027343752,0.06795867919921875,-0.022900763358778626,0.0,-0.015267175572519083
0.6035449218750001,-0.18531463623046876,0.0628692626953125,-0.08396946564885496,-0.030534351145038167,0.0
0.4002676391601563,-0.124541015625,0.207169189453125,0.3053435114503817,0.0,0.183206106870229
0.47481262207031255,-0.46193939208984375,0.08801696777343751,0.3969465648854962,-0.04580152671755725,0.17557251908396945
-0.7014413452148438,1.1253598022460938,0.8906478881835938,0.6641221374045801,-0.42748091603053434,1.1526717557251909
-0.7014413452148438,1.1253598022460938,0.8906478881835938,0.6641221374045801,-0.42748091603053434,1.1526717557251909
-1.409468994140625,0.6780899047851563,-0.6607260131835938,-0.25190839694656486,0.7786259541984732,2.66412213740458
-1.409468994140625,0.6780899047851563,-0.6607260131835938,-0.25190839694656486,0.7786259541984732,2.66412213740458
-1.409468994140625,0.6780899047851563,-0.6607260131835938,-0.25190839694656486,0.7786259541984732,2.66412213740458
-1.409468994140625,0.6780899047851563,-0.6607260131835938,-0.25190839694656486,0.7786259541984732,2.66412213740458
-1.409468994140625,0.6780899047851563,-0.6607260131835938,-0.25190839694656486,0.7786259541984732,2.66412213740458
-0.22064117431640626,2.9859906005859376,-0.10747650146484375,-0.061068702290076333,0.33587786259541985,0.32061068702290074
-0.22064117431640626,2.9859906005859376,-0.10747650146484375,-0.061068702290076333,0.33587786259541985,0.32061068702290074
-0.12633728027343752,-0.0197589111328125,-0.13861175537109377,0.2595419847328244,0.5954198473282443,1.3893129770992365
0.9421408081054689,-1.0397378540039064,0.42810974121093753,-0.48854961832061067,0.23664122137404578,1.83206106870229
2.264490966796875,-1.7262103271484377,0.21615051269531252,-0.04580152671755725,0.3893129770992366,0.061068702290076333
0.8945397949218751,-2.787503356933594,0.49067962646484375,0.10687022900763359,0.46564885496183206,-2.679389312977099
-2.0043319702148437,-0.9960287475585938,0.7879614257812501,-0.11450381679389313,0.83206106870229,-3.5572519083969465
-3.151246948242188,-0.9014254760742187,-0.683778076171875,2.732824427480916,1.0534351145038168,-2.8854961832061066
1.5145504760742188,-1.512454833984375,-0.9370513916015626,-1.198473282442748,0.3129770992366412,0.1984732824427481
1.5238311767578125,-1.5441888427734376,0.5801934814453126,0.29770992366412213,-0.06870229007633588,-0.030534351145038167
1.5160473632812501,-1.3747412109375001,0.07214996337890625,-0.022900763358778626,-0.061068702290076333,-0.030534351145038167
1.24541015625,-1.2906161499023439,0.3553610229492188,-0.11450381679389313,0.04580152671755725,0.0
1.324146423339844,-1.3870156860351563,0.214354248046875,-0.03816793893129771,0.0,0.04580152671755725
1.1858340454101564,-1.063388671875,0.13980926513671876,0.07633587786259542,0.007633587786259542,0.022900763358778626
1.1741583251953125,-1.144519958496094,0.06077362060546875,-0.03816793893129771,-0.015267175572519083,0.015267175572519083
1.0062075805664064,-1.2951068115234377,0.29877868652343753,0.2748091603053435,-0.015267175572519083,-0.022900763358778626
1.1433224487304687,-0.8065228271484376,-0.2505789184570313,0.07633587786259542,-0.04580152671755725,-0.0916030534351145
0.9717791748046876,-0.8900491333007813,-0.10148895263671875,-0.17557251908396945,-0.007633587786259542,0.0
0.8996292114257813,-0.8268804931640625,-0.13262420654296875,-0.13740458015267176,-0.030534351145038167,0.04580152671755725
0.8134085083007813,-0.5676196289062501,-0.2347119140625,-0.25190839694656486,0.007633587786259542,0.0
0.5933660888671876,-0.17573455810546876,-0.0544866943359375,-0.25190839694656486,-0.15267175572519084,0.16030534351145037
0.07993377685546875,0.8562194824218751,0.47660888671875,-0.030534351145038167,-0.5190839694656488,0.5419847328244275
-1.0448272705078125,1.1337423706054688,-0.1299298095703125,0.6259541984732824,0.5419847328244275,2.3053435114503817
1.3031900024414063,-1.4495855712890626,0.0389190673828125,-0.4198473282442748,-0.34351145038167935,1.5572519083969465
1.4681469726562502,-2.729124755859375,-0.037721557617187505,-0.16793893129770993,-0.19083969465648853,-0.7404580152671756
0.1431024169921875,-3.623365173339844,-0.5307962036132813,-0.22900763358778625,1.1603053435114503,-3.1374045801526718
-1.1924203491210938,2.875220947265625,-1.5576608276367188,0.7633587786259541,0.21374045801526717,0.5725190839694656
-0.5092410278320313,1.3082794189453126,-0.43080413818359375,0.17557251908396945,0.5038167938931297,1.4809160305343512
0.365240478515625,-0.6873706054687501,0.008382568359375,-0.8854961832061068,0.34351145038167935,1.4122137404580153
1.4220428466796875,-0.9454339599609376,0.12843292236328124,-0.9618320610687022,-0.03816793893129771,1.3740458015267174
1.9767892456054688,-0.9412426757812501,0.17603393554687502,-0.47328244274809156,-0.04580152671755725,0.8473282442748091
2.366279296875,-0.6732998657226563,0.354462890625,-0.11450381679389313,0.8625954198473282,-0.6946564885496183
-0.28021728515625,-1.0873388671875,0.2329156494140625,0.05343511450381679,1.732824427480916,-3.312977099236641
-1.9591259765625002,0.5727090454101563,-0.06735992431640625,2.1374045801526718,1.0687022900763359,-1.9083969465648853
1.581910400390625,-1.7109420776367188,0.18651214599609375,-1.4045801526717556,-0.11450381679389313,0.13740458015267176
1.3971945190429689,-1.1409274291992189,0.43918670654296876,0.5725190839694656,0.030534351145038167,-0.10687022900763359
1.32205078125,-0.8616082763671875,0.11346405029296876,-0.2213740458015267,0.0,0.022900763358778626
1.3184582519531252,-1.208287353515625,0.22782623291015627,-0.42748091603053434,-0.007633587786259542,0.061068702290076333
1.2528945922851562,-1.1552975463867188,0.25836273193359377,0.282442748091603,0.030534351145038167,0.0
1.1211685180664064,-0.8780740356445313,0.10597961425781251,0.12213740458015267,0.0,0.030534351145038167
1.0606942749023438,-0.8828640747070313,0.12603790283203126,0.1297709923664122,-0.007633587786259542,-0.061068702290076333
1.0355465698242188,-0.7454498291015625,-0.13262420654296875,-0.19083969465648853,-0.007633587786259542,-0.061068702290076333
0.9119036865234376,-0.7038363647460938,-0.07334747314453126,-0.13740458015267176,0.015267175572519083,-0.030534351145038167
0.8720864868164063,-0.6280938720703125,-0.05598358154296875,-0.015267175572519083,0.022900763358778626,-0.03816793893129771
0.47750701904296877,0.5185217285156251,0.044008483886718755,-0.15267175572519084,-0.061068702290076333,0.38167938931297707
0.02005828857421875,1.3582754516601563,-0.044008483886718755,0.41221374045801523,0.07633587786259542,1.114503816793893
-1.0759625244140625,2.245929565429688,-0.17603393554687502,-0.09923664122137404,0.25190839694656486,1.984732824427481
-1.281036071777344,1.1720626831054688,-0.3299139404296875,-0.282442748091603,0.015267175572519083,2.32824427480916
0.10777587890625001,-0.25267456054687504,-0.4152365112304688,-0.366412213740458,0.09923664122137404,2.0534351145038165
2.2483245849609377,-1.235830078125,-0.17992584228515626,-0.40458015267175573,-0.48854961832061067,1.1374045801526718
2.2180874633789065,-2.252216491699219,-0.377215576171875,0.38167938931297707,-0.030534351145038167,0.1984732824427481
0.9750723266601563,-3.946393432617188,-0.23082000732421876,-0.05343511450381679,0.6641221374045801,-3.2213740458015265
-2.5653652954101562,2.4144790649414065,0.05718109130859375,0.5343511450381679,-0.42748091603053434,-1.2595419847328244
-0.19190093994140625,2.9800030517578127,-0.6972500610351563,-0.015267175572519083,0.09923664122137404,0.41221374045801523
-0.5622308349609375,-0.03981719970703125,-0.6511459350585938,0.1984732824427481,0.8244274809160305,1.618320610687023
0.417930908203125,-1.1876303100585939,0.17932708740234377,-1.3893129770992365,0.183206106870229,1.6030534351145038
1.6603472900390626,-1.1238629150390627,0.04580474853515625,-1.0076335877862594,0.08396946564885496,0.732824427480916
-1.6181350708007813,0.6870712280273438,2.0480410766601564,0.41221374045801523,0.47328244274809156,-2.66412213740458
-2.9225225830078125,1.4894027709960938,0.5718109130859376,2.114503816793893,1.6335877862595418,-3.5267175572519083
0.67300048828125,-0.17393829345703127,-0.4822970581054688,-1.580152671755725,-0.6183206106870229,1.045801526717557
1.1705657958984375,-2.0779788208007814,1.0469229125976562,-0.7557251908396946,-0.030534351145038167,0.11450381679389313
1.1705657958984375,-2.0779788208007814,1.0469229125976562,-0.7557251908396946,-0.030534351145038167,0.11450381679389313
1.1705657958984375,-2.0779788208007814,1.0469229125976562,-0.7557251908396946,-0.030534351145038167,0.11450381679389313
1.1705657958984375,-2.0779788208007814,1.0469229125976562,-0.7557251908396946,-0.030534351145038167,0.11450381679389313
1.1705657958984375,-2.0779788208007814,1.0469229125976562,-0.7557251908396946,-0.030534351145038167,0.11450381679389313
0.890947265625,-0.899329833984375,0.456251220703125,0.20610687022900762,0.022900763358778626,-0.061068702290076333
0.890947265625,-0.899329833984375,0.456251220703125,0.20610687022900762,0.022900763358778626,-0.061068702290076333
0.6568341064453125,-0.47301635742187503,0.16555572509765626,-0.24427480916030533,0.015267175572519083,0.007633587786259542
0.6143225097656251,-0.4221221923828125,0.247884521484375,-0.23664122137404578,-0.015267175572519083,0.0
0.4819976806640625,-0.21525238037109376,0.28530670166015626,-0.22900763358778625,0.0,-0.03816793893129771
0.5176235961914063,-0.13082794189453126,0.28830047607421877,-0.19083969465648853,-0.015267175572519083,-0.06870229007633588
0.5008584594726563,-0.0712518310546875,0.2604583740234375,0.022900763358778626,0.022900763358778626,-0.007633587786259542
0.0473016357421875,0.8903485107421876,0.5029541015625,-0.3893129770992366,-0.3129770992366412,0.6183206106870229
-1.1511062622070314,2.660567321777344,1.5768209838867189,0.8625954198473282,-0.37404580152671757,2.0
-1.4561718750000001,2.5725503540039063,0.4900808715820313,0.4198473282442748,0.05343511450381679,2.6412213740458013
-0.7711962890625,-0.13322296142578124,-0.475411376953125,-0.2213740458015267,0.20610687022900762,2.404580152671756
1.8127304077148438,-1.7848883056640625,-0.4260140991210938,0.0916030534351145,-0.23664122137404578,0.2748091603053435
1.8175204467773438,-2.4360342407226563,-0.45744873046875,0.24427480916030533,0.46564885496183206,-1.4961832061068703
-0.3514691162109375,-3.5856436157226566,-0.06496490478515625,1.3206106870229006,1.129770992366412,-2.7022900763358777
-3.0386810302734375,-0.7176077270507812,-0.6427633666992187,0.8702290076335878,-0.6183206106870229,-1.7786259541984732
0.096998291015625,2.6102719116210937,-0.4589456176757813,-0.12213740458015267,-0.1297709923664122,0.4198473282442748
-0.16555572509765626,0.2640509033203125,-1.0990145874023438,-0.282442748091603,0.6641221374045801,1.3511450381679388
0.3607498168945313,-0.6125262451171876,-0.1143621826171875,-0.9236641221374046,0.23664122137404578,1.5877862595419847
1.2600796508789063,-1.0508148193359375,0.25956024169921876,-1.1068702290076335,-0.3053435114503817,1.2290076335877862
2.308499450683594,-0.9714797973632813,0.14459930419921876,-0.29770992366412213,-0.007633587786259542,-0.13740458015267176
0.8190966796875,-2.4638763427734376,0.204774169921875,0.32061068702290074,1.015267175572519,-2.969465648854962
-2.0863613891601562,1.3798306274414063,1.4385086059570313,-0.11450381679389313,0.8549618320610687,-3.183206106870229
-2.6836193847656253,1.4998809814453127,1.340911560058594,1.7022900763358777,1.366412213740458,-2.6564885496183206
0.02724334716796875,1.5929873657226563,0.35326538085937503,-0.8015267175572519,-0.9541984732824427,1.129770992366412
1.3298345947265626,-2.2273681640625003,0.9693841552734376,-0.8702290076335878,-0.10687022900763359,0.1984732824427481
1.3016931152343751,-1.2744497680664064,0.3565585327148438,0.20610687022900762,0.46564885496183206,-0.42748091603053434
0.9104067993164063,-0.17932708740234377,0.35296600341796874,-0.9694656488549618,-0.24427480916030533,0.183206106870229
1.0723699951171874,-0.5682183837890625,0.3703298950195313,-0.5114503816793893,0.0,0.16030534351145037
0.8622070312500001,-0.19399658203125,0.45954437255859376,0.282442748091603,-0.03816793893129771,-0.030534351145038167
0.8625064086914063,-0.1383123779296875,0.2817141723632813,0.26717557251908397,0.05343511450381679,-0.11450381679389313
0.57240966796875,-0.11526031494140626,0.3023712158203125,-0.2900763358778626,-0.08396946564885496,0.03816793893129771
0.6658154296875001,-0.18651214599609375,0.29069549560546876,-0.366412213740458,0.007633587786259542,0.015267175572519083
0.5538482666015625,-0.08053253173828126,0.30446685791015626,-0.34351145038167935,0.0,0.022900763358778626
0.4137396240234375,-0.09789642333984376,0.4302053833007813,0.23664122137404578,0.0,-0.061068702290076333
0.4385879516601563,-0.09430389404296875,0.2628533935546875,0.47328244274809156,-0.03816793893129771,-0.10687022900763359
-0.7083270263671876,0.8996292114257813,1.4178515625,0.06870229007633588,-0.46564885496183206,0.7862595419847328
-1.9255957031250002,1.6717236328125,1.8809884643554688,1.114503816793893,-0.4427480916030534,2.045801526717557
-1.2133767700195313,2.1911434936523437,0.6032455444335938,0.26717557251908397,-0.16030534351145037,2.541984732824427
2.135159912109375,-1.2966036987304688,-0.12304412841796876,0.5267175572519084,-0.16030534351145037,0.061068702290076333
-0.722098388671875,-3.6326458740234377,-0.14699432373046875,1.0610687022900762,1.4961832061068703,-3.1068702290076335
-3.8913079833984376,0.45026367187500005,-0.25417144775390627,0.83206106870229,-0.45038167938931295,-1.984732824427481
-0.1149609375,3.0826895141601565,-0.21674926757812502,0.25190839694656486,-0.1297709923664122,0.282442748091603
0.5595364379882812,1.5947836303710938,-0.08083190917968751,-0.1450381679389313,0.06870229007633588,0.8473282442748091
-0.4915777587890625,-0.24608825683593752,0.11076965332031251,-0.13740458015267176,0.05343511450381679,1.5419847328244274
0.2775228881835938,-0.9930349731445313,-0.20267852783203125,-1.549618320610687,0.282442748091603,1.6106870229007633
1.7061520385742188,-1.1750564575195312,0.10807525634765626,-0.648854961832061,0.41221374045801523,0.40458015267175573
-0.9286688232421876,-2.5354275512695312,-0.6469546508789062,0.8778625954198473,1.4198473282442747,-3.5572519083969465
-3.5613940429687503,0.5251080322265625,0.7789801025390626,1.4198473282442747,0.9694656488549618,-3.183206106870229
-2.612666931152344,3.2874636840820313,1.6307089233398437,2.9389312977099236,-0.22900763358778625,0.15267175572519084
1.2998968505859376,-1.37713623046875,-0.147293701171875,-1.4961832061068703,-0.1450381679389313,0.03816793893129771
1.5540682983398437,-2.1067190551757813,0.5822891235351563,0.6870229007633587,0.19083969465648853,-0.2213740458015267
1.1268566894531251,-1.239422607421875,0.269439697265625,0.0,0.007633587786259542,0.0
0.9268725585937501,-1.0654843139648438,0.23052062988281252,0.5343511450381679,0.015267175572519083,0.022900763358778626
0.8894503784179688,-0.8304730224609376,0.1682501220703125,0.12213740458015267,-0.05343511450381679,0.030534351145038167
0.852626953125,-1.047821044921875,0.316142578125,0.030534351145038167,-0.03816793893129771,-0.04580152671755725
0.7966433715820312,-0.6882687377929688,0.018860778808593753,-0.25190839694656486,0.0,-0.05343511450381679
0.6732998657226563,-0.6846762084960938,0.07993377685546875,-0.2900763358778626,-0.03816793893129771,0.007633587786259542
0.645457763671875,-0.21644989013671875,0.0814306640625,-0.5725190839694656,0.015267175572519083,0.04580152671755725
0.5996530151367188,-0.125738525390625,0.2329156494140625,-0.2900763358778626,0.04580152671755725,0.022900763358778626
0.6682104492187501,0.14100677490234376,0.36673736572265625,0.22900763358778625,0.05343511450381679,0.015267175572519083
-0.09669891357421875,1.4322216796875,1.53041748046875,0.8167938931297709,-0.7709923664122137,1.3435114503816794
-1.4400054931640627,2.652184753417969,1.310973815917969,0.4198473282442748,-0.732824427480916,1.9770992366412212
-0.8592132568359375,1.0283615112304687,-0.271834716796875,-0.20610687022900762,-0.03816793893129771,2.32824427480916
-0.8592132568359375,1.0283615112304687,-0.271834716796875,-0.20610687022900762,-0.03816793893129771,2.32824427480916
-0.8592132568359375,1.0283615112304687,-0.271834716796875,-0.20610687022900762,-0.03816793893129771,2.32824427480916
-0.8592132568359375,1.0283615112304687,-0.271834716796875,-0.20610687022900762,-0.03816793893129771,2.32824427480916
-0.8592132568359375,1.0283615112304687,-0.271834716796875,-0.20610687022900762,-0.03816793893129771,2.32824427480916
-0.8592132568359375,1.0283615112304687,-0.271834716796875,-0.20610687022900762,-0.03816793893129771,2.32824427480916
1.84177001953125,-0.6571334838867188,0.15537689208984376,-1.2061068702290076,0.10687022900763359,0.2900763358778626
1.8636245727539062,-1.3501922607421877,-0.3514691162109375,0.9007633587786259,1.8778625954198473,-2.0381679389312977
-2.4174728393554688,-0.00508941650390625,-0.5230123901367187,1.0687022900763359,2.0381679389312977,-3.2213740458015265
-3.040477294921875,-1.1259585571289064,-1.081351318359375,2.633587786259542,0.9236641221374046,-2.8396946564885495
1.6366964721679689,0.408350830078125,-2.4168740844726564,-2.183206106870229,-0.5267175572519084,0.17557251908396945
0.9903405761718751,-2.373164978027344,0.8161029052734375,-0.9465648854961831,-0.12213740458015267,0.549618320610687
1.2998968505859376,-1.9285894775390626,0.769998779296875,0.3969465648854962,0.19083969465648853,-0.2595419847328244
1.0517129516601562,-1.1885284423828126,0.5077441406250001,0.7480916030534351,0.03816793893129771,-0.15267175572519084
1.1053015136718751,-1.36755615234375,0.38050872802734376,-0.05343511450381679,0.0,0.015267175572519083
0.9753717041015626,-1.093326416015625,0.3526666259765625,-0.16793893129770993,0.022900763358778626,0.05343511450381679
0.8559201049804688,-0.8553213500976563,0.20866607666015627,-0.5572519083969465,-0.12213740458015267,0.13740458015267176
0.8699908447265625,-0.9900411987304688,0.5658233642578125,-0.022900763358778626,-0.022900763358778626,-0.07633587786259542
0.8017327880859375,-0.38470001220703126,0.12484039306640625,0.061068702290076333,0.03816793893129771,-0.1297709923664122
0.7550299072265625,-0.5502557373046876,0.21195922851562501,0.05343511450381679,0.0,0.0
0.6873706054687501,-0.5116360473632813,0.13172607421875002,-0.12213740458015267,0.015267175572519083,0.061068702290076333
0.7125183105468751,-0.4017645263671875,0.0628692626953125,-0.2900763358778626,0.04580152671755725,0.0916030534351145
0.5798941040039063,-0.22602996826171876,0.15597564697265626,-0.25190839694656486,0.08396946564885496,0.030534351145038167
0.07813751220703126,1.1283535766601562,1.1819421386718751,0.38167938931297707,-0.47328244274809156,0.8931297709923663
-0.7289840698242188,2.5336312866210937,1.5217355346679688,0.25190839694656486,-0.3282442748091603,1.6259541984732824
-1.5402969360351564,2.650987243652344,0.4592449951171875,0.35877862595419846,-0.2213740458015267,2.282442748091603
-0.2903961181640625,-0.44726989746093754,-0.2682421875,0.0,0.24427480916030533,2.1221374045801524
1.8010546875000002,-1.6911831665039063,-0.016465759277343752,0.1297709923664122,-0.29770992366412213,0.732824427480916
1.4426998901367187,-2.6542803955078127,0.13681549072265625,-0.25190839694656486,0.20610687022900762,-1.9389312977099236
-0.5418731689453126,-2.4674688720703126,0.37511993408203126,0.23664122137404578,0.9236641221374046,-2.9236641221374047
0.259859619140625,2.298919372558594,-0.8861572265625001,0.24427480916030533,0.3053435114503817,0.5114503816793893
0.3448828125,0.762813720703125,-0.10568023681640626,0.04580152671755725,0.2748091603053435,1.0610687022900762
0.39008880615234376,-0.8999285888671875,0.09909393310546875,-0.916030534351145,0.37404580152671757,1.5114503816793892
1.0978170776367189,-1.1672726440429688,-0.21794677734375,-1.6870229007633588,0.0,1.2748091603053435
2.0603155517578124,-1.2256512451171875,0.3209326171875,-0.32061068702290074,-0.007633587786259542,0.17557251908396945
2.1438418579101564,-1.4136602783203125,0.3170407104492188,-0.1297709923664122,0.564885496183206,-1.0381679389312977
-1.6558566284179688,-0.5212161254882812,0.4340972900390625,-0.6335877862595419,1.6259541984732824,-3.229007633587786
-3.1967523193359377,0.9502239990234376,1.1038046264648438,1.3206106870229006,2.198473282442748,-2.6717557251908395
1.6133450317382814,-1.4801220703125,0.3487747192382813,-0.282442748091603,-0.0916030534351145,0.10687022900763359
1.5663427734375002,-1.588796081542969,0.5703140258789062,0.1450381679389313,0.0916030534351145,0.0
1.3151651000976563,-0.8454418945312501,0.24069946289062502,-0.6564885496183206,-0.16030534351145037,0.0
0.996328125,-0.4640350341796875,0.32332763671875003,0.4351145038167939,0.007633587786259542,0.16030534351145037
1.0352471923828126,-0.7131170654296876,0.12034973144531251,0.38167938931297707,-0.04580152671755725,0.2213740458015267
1.0681787109375,-0.9169931030273438,0.197589111328125,-0.11450381679389313,0.015267175572519083,-0.1297709923664122
0.9361532592773438,-0.4209246826171875,0.17124389648437502,0.022900763358778626,0.030534351145038167,-0.1297709923664122
0.7295828247070313,-0.33859588623046877,0.0568817138671875,0.12213740458015267,-0.061068702290076333,0.07633587786259542
0.805924072265625,-0.39547760009765626,0.03682342529296875,-0.16030534351145037,-0.022900763358778626,0.030534351145038167
0.5529501342773437,-0.279019775390625,0.22273681640625,0.007633587786259542,-0.05343511450381679,-0.04580152671755725
0.22423370361328127,0.1790277099609375,0.4643344116210938,0.183206106870229,-0.3129770992366412,0.17557251908396945
-0.760418701171875,1.4932946777343752,1.5250286865234375,0.732824427480916,-0.3282442748091603,1.3206106870229006
-1.6393908691406252,1.6441809082031251,0.058977355957031255,0.6259541984732824,-0.11450381679389313,2.114503816793893
0.3200344848632813,-0.07155120849609375,-0.19788848876953127,0.22900763358778625,0.29770992366412213,1.8396946564885495
1.8097366333007814,-0.5945635986328125,-0.22902374267578127,-0.07633587786259542,0.3282442748091603,1.2595419847328244
2.436632995605469,-3.0099407958984377,0.5789959716796875,0.5038167938931297,-0.17557251908396945,-0.7404580152671756
0.5810916137695313,-3.1464569091796877,0.13112731933593752,0.17557251908396945,0.16030534351145037,-2.564885496183206
-2.0408560180664064,-1.8615289306640626,0.11346405029296876,0.2595419847328244,0.0,-2.396946564885496
-0.38769378662109377,3.267106018066406,0.168848876953125,0.09923664122137404,-0.030534351145038167,-0.015267175572519083
-0.011675720214843751,2.2435345458984375,0.14699432373046875,0.022900763358778626,0.0,0.8931297709923663
-0.31225067138671875,-0.06197113037109375,0.03562591552734375,-0.19083969465648853,-0.022900763358778626,1.3969465648854962
1.9797830200195314,-0.8376580810546875,0.0532891845703125,-0.5343511450381679,0.21374045801526717,0.1984732824427481
0.8110134887695313,-1.8675164794921877,0.4053570556640625,0.5343511450381679,1.4198473282442747,-2.49618320610687
-3.0419741821289064,1.4591656494140626,1.1211685180664064,1.6106870229007633,-0.10687022900763359,-2.847328244274809
-2.3543041992187503,3.2141162109375,-0.389190673828125,0.015267175572519083,1.0229007633587786,-2.5572519083969465
1.53041748046875,-1.6839981079101562,0.756826171875,-0.9847328244274809,0.29770992366412213,0.2213740458015267
1.0681787109375,-1.3190570068359375,0.2628533935546875,-0.3129770992366412,0.015267175572519083,0.1297709923664122
1.1942166137695314,-1.0355465698242188,0.6756948852539063,-0.6030534351145038,0.022900763358778626,-0.015267175572519083
1.1082952880859376,-0.48529083251953126,0.3879931640625,-0.13740458015267176,0.24427480916030533,-0.1450381679389313
1.0783575439453126,-0.28500732421875,0.01466949462890625,-0.282442748091603,-0.06870229007633588,0.1450381679389313
1.0783575439453126,-0.28500732421875,0.01466949462890625,-0.282442748091603,-0.06870229007633588,0.1450381679389313
0.9310638427734376,-0.4550537109375,0.47571075439453125,0.41221374045801523,0.03816793893129771,-0.07633587786259542
0.9310638427734376,-0.4550537109375,0.47571075439453125,0.41221374045801523,0.03816793893129771,-0.07633587786259542
0.9310638427734376,-0.4550537109375,0.47571075439453125,0.41221374045801523,0.03816793893129771,-0.07633587786259542
0.8113128662109376,-0.5547463989257813,-0.096998291015625,0.03816793893129771,0.1297709923664122,-0.08396946564885496
0.319735107421875,-0.528101806640625,0.0425115966796875,-0.1450381679389313,-0.5954198473282443,0.13740458015267176
0.6044430541992187,-0.6427633666992187,0.011376342773437501,0.06870229007633588,-0.061068702290076333,0.030534351145038167
0.39547760009765626,-0.4535568237304688,0.17513580322265626,0.1297709923664122,0.09923664122137404,0.0
0.6882687377929688,-0.6259982299804688,0.02424957275390625,0.13740458015267176,0.2595419847328244,0.007633587786259542
0.239501953125,0.0,0.43828857421875,-0.10687022900763359,-0.26717557251908397,0.15267175572519084
-1.3370196533203125,1.0086026000976562,1.88967041015625,1.2595419847328244,-0.48854961832061067,1.213740458015267
-2.7354116821289063,1.3427078247070314,0.4343966674804688,0.6946564885496183,-0.40458015267175573,1.9923664122137403
0.0868194580078125,-0.8098159790039063,-0.207169189453125,0.1984732824427481,0.3511450381679389,2.2061068702290076
1.5531701660156252,-1.9743942260742189,-0.9053173828125001,-0.38167938931297707,-0.08396946564885496,1.083969465648855
2.0731887817382812,-2.5009991455078127,-0.425115966796875,-0.23664122137404578,0.42748091603053434,-0.45038167938931295
1.2711566162109376,-2.8895910644531253,-0.3203338623046875,-0.06870229007633588,0.7709923664122137,-1.7022900763358777
-3.8239480590820314,-0.7050338745117188,-0.35745666503906254,0.6641221374045801,1.0763358778625953,-2.5572519083969465
-0.5888754272460938,3.4793646240234377,0.5924679565429688,-0.10687022900763359,0.21374045801526717,-0.23664122137404578
0.20686981201171875,2.18186279296875,0.2505789184570313,-0.015267175572519083,-0.022900763358778626,0.6870229007633587
0.010777587890625,0.23590942382812502,-0.30177246093750004,-0.17557251908396945,0.3129770992366412,1.3282442748091603
1.3962963867187501,-0.73048095703125,-0.154478759765625,-1.3282442748091603,0.022900763358778626,0.8625954198473282
2.3749612426757816,-0.5763015747070312,0.26105712890625,-0.732824427480916,0.22900763358778625,0.16793893129770993
1.004710693359375,-1.4926959228515626,0.3918850708007813,0.916030534351145,0.5877862595419847,-2.6564885496183206
-2.5393194580078124,1.53041748046875,0.18770965576171875,1.465648854961832,1.2061068702290076,-2.213740458015267
-3.776347045898438,-0.51013916015625,-0.3116519165039063,0.6030534351145038,0.8931297709923663,-2.1526717557251906
-0.2185455322265625,3.656296691894531,0.8181985473632812,0.12213740458015267,-0.17557251908396945,0.3282442748091603
-0.080233154296875,-0.07065307617187501,-0.16136444091796875,0.061068702290076333,0.03816793893129771,1.5267175572519083
1.1005114746093752,-0.7906558227539063,-0.011376342773437501,-1.2748091603053435,-0.06870229007633588,1.1374045801526718
-0.6514453125,-2.4533981323242187,0.532891845703125,0.40458015267175573,0.06870229007633588,-3.5267175572519083
-2.689307556152344,0.2900967407226563,0.22782623291015627,0.4427480916030534,1.0,-3.259541984732824
0.7499404907226563,-1.9719992065429688,0.316142578125,-1.7709923664122136,0.11450381679389313,0.46564885496183206
1.0777587890625,-1.035845947265625,0.4424798583984375,0.7099236641221374,0.41221374045801523,-0.38167938931297707
0.9627978515625001,-0.8113128662109376,0.16196319580078125,0.015267175572519083,-0.1450381679389313,0.16030534351145037
0.9322613525390625,-1.0008187866210938,0.3119512939453125,0.32061068702290074,0.015267175572519083,-0.030534351145038167
0.8951385498046875,-1.0810519409179689,0.25896148681640624,0.2213740458015267,-0.015267175572519083,-0.007633587786259542
0.6445596313476563,-0.5945635986328125,-0.061072998046875,-0.10687022900763359,0.04580152671755725,-0.04580152671755725
0.5996530151367188,-0.6424639892578126,0.076640625,-0.6641221374045801,0.007633587786259542,0.1450381679389313
0.6268963623046875,-0.02664459228515625,0.188009033203125,-0.29770992366412213,-0.007633587786259542,-0.05343511450381679
0.2125579833984375,0.5002597045898438,0.5451663208007813,-0.25190839694656486,-0.35877862595419846,0.3282442748091603
-1.0636880493164063,2.891087951660156,2.24173828125,0.83206106870229,-0.5801526717557252,1.900763358778626
-1.623523864746094,1.48251708984375,-0.0032931518554687503,0.022900763358778626,-0.47328244274809156,2.213740458015267
1.32923583984375,-0.7409591674804688,-0.2571652221679688,0.22900763358778625,-0.29770992366412213,0.9694656488549618
1.8486557006835938,-2.4911196899414065,0.082628173828125,0.16793893129770993,0.32061068702290074,-0.9389312977099237
-2.642604675292969,0.27303222656250004,-0.060174865722656255,-0.22900763358778625,-0.1297709923664122,-2.045801526717557
-2.642604675292969,0.27303222656250004,-0.060174865722656255,-0.22900763358778625,-0.1297709923664122,-2.045801526717557
-2.642604675292969,0.27303222656250004,-0.060174865722656255,-0.22900763358778625,-0.1297709923664122,-2.045801526717557
-2.642604675292969,0.27303222656250004,-0.060174865722656255,-0.22900763358778625,-0.1297709923664122,-2.045801526717557
-2.642604675292969,0.27303222656250004,-0.060174865722656255,-0.22900763358778625,-0.1297709923664122,-2.045801526717557
-2.9761111450195314,1.3480966186523438,0.42661285400390625,0.2595419847328244,0.7938931297709924,-1.9770992366412212
0.24578887939453126,1.9884649658203126,-1.0436297607421876,-1.618320610687023,-0.03816793893129771,0.10687022900763359
1.452279968261719,-2.1704864501953125,1.1777508544921875,0.916030534351145,-0.32061068702290074,0.07633587786259542
1.1678713989257814,-1.011895751953125,-0.07753875732421875,0.48854961832061067,-0.20610687022900762,0.0916030534351145
1.1873309326171875,-1.2669653320312502,0.077838134765625,0.183206106870229,-0.04580152671755725,-0.015267175572519083
1.0238708496093751,-1.3202545166015627,0.10268646240234376,0.23664122137404578,-0.04580152671755725,0.03816793893129771
0.9693841552734376,-1.3849200439453127,0.15358062744140627,0.3282442748091603,-0.061068702290076333,0.030534351145038167
0.8532257080078125,-1.2822335815429688,0.01676513671875,-0.1450381679389313,-0.0916030534351145,0.022900763358778626
0.8840615844726563,-1.332528991699219,0.329315185546875,0.19083969465648853,-0.022900763358778626,-0.061068702290076333
0.5370831298828125,-0.9451345825195313,0.17184265136718752,-0.23664122137404578,-0.13740458015267176,0.03816793893129771
0.5751040649414063,-0.9334588623046876,-0.20207977294921875,-0.34351145038167935,-0.030534351145038167,-0.16030534351145037
0.4736151123046875,-0.5110372924804688,-0.33979339599609376,-0.08396946564885496,0.06870229007633588,-0.17557251908396945
-1.7959652709960938,0.9427395629882813,0.8110134887695313,1.9541984732824427,0.17557251908396945,2.015267175572519
-1.1642788696289064,0.32901580810546877,-1.0217752075195312,0.1450381679389313,0.7938931297709924,1.8931297709923662
1.6447796630859375,-1.1088940429687502,-0.3092568969726563,-0.3969465648854962,0.3129770992366412,1.0763358778625953
2.403102722167969,-2.195933532714844,-0.2628533935546875,0.16030534351145037,0.37404580152671757,-0.6412213740458015
0.756826171875,-3.098855895996094,0.36015106201171876,0.183206106870229,0.7251908396946565,-2.267175572519084
-3.989803161621094,0.98914306640625,-0.3203338623046875,0.46564885496183206,-0.23664122137404578,-1.3053435114503815
-0.6547384643554688,3.383563842773438,0.39697448730468754,-0.22900763358778625,-0.16030534351145037,0.35877862595419846
-0.06256988525390625,0.1981878662109375,-0.271834716796875,0.3129770992366412,0.03816793893129771,1.2519083969465647
0.1215472412109375,-0.7235952758789063,0.07694000244140625,-0.5877862595419847,-0.1297709923664122,1.3358778625954197
1.3894107055664062,-0.60114990234375,-0.14340179443359377,-1.1603053435114503,0.061068702290076333,1.2213740458015268
2.532433776855469,-1.1433224487304687,-0.028141479492187503,-0.1450381679389313,1.0076335877862594,-1.0
-0.3350033569335938,-0.5397775268554688,0.11645782470703125,0.6641221374045801,1.6564885496183206,-2.786259541984733
-1.9872674560546877,0.47690826416015625,-0.5068460083007813,1.534351145038168,1.0305343511450382,-1.9541984732824427
1.567240905761719,-1.5046710205078127,0.8984317016601563,-1.0229007633587786,-0.007633587786259542,-0.061068702290076333
1.6555572509765626,-2.3513104248046877,0.17064514160156252,-0.3511450381679389,-0.06870229007633588,0.1297709923664122
1.4510824584960937,-1.3043875122070314,-0.03622467041015625,0.08396946564885496,0.007633587786259542,0.030534351145038167
1.3618679809570313,-1.1624826049804688,-0.11346405029296876,-0.06870229007633588,0.0,0.03816793893129771
1.2361294555664064,-0.6628216552734375,-0.39787261962890624,-0.26717557251908397,-0.04580152671755725,-0.07633587786259542
1.04183349609375,-0.7265890502929688,-0.23590942382812502,-0.12213740458015267,-0.030534351145038167,-0.007633587786259542
0.9178912353515626,-0.4206253051757813,-0.27842102050781253,-0.3129770992366412,-0.04580152671755725,0.007633587786259542
-1.2049942016601562,1.3597723388671876,0.6050418090820313,0.4351145038167939,-0.47328244274809156,1.6564885496183206
-1.1325448608398438,0.9708810424804688,-0.12244537353515626,0.23664122137404578,-0.16793893129770993,2.2061068702290076
0.5655239868164063,-0.23800506591796877,-0.9651928710937501,-0.22900763358778625,-0.0916030534351145,1.9923664122137403
1.9896624755859376,-0.9235794067382813,-0.6421646118164063,-0.07633587786259542,0.1297709923664122,1.6030534351145038
3.058140563964844,-2.126477966308594,-0.24938140869140626,0.183206106870229,0.1297709923664122,0.26717557251908397
1.380728759765625,-3.200644226074219,-0.1215472412109375,0.33587786259541985,0.061068702290076333,-1.6106870229007633
-4.078119506835938,1.2064910888671876,0.5571414184570312,-0.2595419847328244,0.08396946564885496,-2.0839694656488548
0.324525146484375,2.575843505859375,0.09041198730468751,-0.15267175572519084,-0.1450381679389313,0.366412213740458
0.1580712890625,0.21046234130859376,-0.34757720947265625,0.2595419847328244,0.3053435114503817,1.2519083969465647
0.5861810302734375,-0.5777984619140625,0.233514404296875,-0.9236641221374046,0.07633587786259542,1.213740458015267
1.47772705078125,-0.5673202514648438,-0.0700543212890625,-1.5725190839694656,-0.35877862595419846,0.7404580152671756
-0.386795654296875,-0.018262023925781252,0.24129821777343752,0.7633587786259541,0.9083969465648855,-2.709923664122137
-1.3085787963867188,1.1538006591796877,0.027542724609375003,1.9541984732824427,0.5954198473282443,-2.549618320610687
-2.506088562011719,2.6961932373046875,2.452200622558594,2.099236641221374,0.15267175572519084,0.1984732824427481
1.7070501708984376,-1.2834310913085938,0.02365081787109375,-0.282442748091603,-0.05343511450381679,-0.0916030534351145
1.6408877563476563,-1.43701171875,0.034129028320312504,-0.38167938931297707,-0.06870229007633588,-0.05343511450381679
1.5861016845703126,-1.2223580932617188,-0.080233154296875,0.19083969465648853,0.061068702290076333,0.06870229007633588
1.4172528076171875,-1.1088940429687502,-0.18770965576171875,-0.11450381679389313,-0.03816793893129771,0.007633587786259542
1.4465917968750002,-0.908909912109375,-0.17274078369140625,0.2213740458015267,-0.022900763358778626,-0.04580152671755725
1.4465917968750002,-0.908909912109375,-0.17274078369140625,0.2213740458015267,-0.022900763358778626,-0.04580152671755725
1.4465917968750002,-0.908909912109375,-0.17274078369140625,0.2213740458015267,-0.022900763358778626,-0.04580152671755725
1.4465917968750002,-0.908909912109375,-0.17274078369140625,0.2213740458015267,-0.022900763358778626,-0.04580152671755725
1.4465917968750002,-0.908909912109375,-0.17274078369140625,0.2213740458015267,-0.022900763358778626,-0.04580152671755725
-0.9271719360351564,0.889749755859375,-0.7921527099609376,-0.08396946564885496,-0.15267175572519084,2.519083969465649
-0.11466156005859375,0.12783416748046875,-1.3175601196289064,-0.11450381679389313,0.6106870229007634,2.045801526717557
-0.11466156005859375,0.12783416748046875,-1.3175601196289064,-0.11450381679389313,0.6106870229007634,2.045801526717557
2.491718444824219,-2.2935305786132814,-0.164058837890625,0.030534351145038167,0.015267175572519083,-0.32061068702290074
1.0594967651367189,-2.95784912109375,-0.15567626953125,0.2900763358778626,0.8244274809160305,-2.1297709923664123
-2.3408322143554687,-2.6231451416015625,0.5242098999023438,0.5801526717557252,0.2595419847328244,-2.9389312977099236
-0.8771759033203126,3.0261071777343753,-0.49247589111328127,0.7022900763358778,0.04580152671755725,-0.42748091603053434
0.21884490966796877,2.3812481689453127,0.28261230468750004,-0.10687022900763359,-0.030534351145038167,0.4427480916030534
-0.41852966308593753,0.09849517822265626,-0.5745053100585937,0.3129770992366412,0.83206106870229,1.4427480916030533
0.23620880126953125,-1.21906494140625,0.1011895751953125,-1.1374045801526718,0.564885496183206,1.5267175572519083
1.5693365478515626,-1.2349319458007812,-0.13142669677734375,-1.534351145038168,-0.061068702290076333,0.9389312977099237
1.6899856567382814,-2.677332458496094,0.3990701293945313,0.6870229007633587,0.549618320610687,-2.1297709923664123
-2.2378463745117188,-0.504151611328125,-0.5691165161132813,1.732824427480916,0.282442748091603,-3.129770992366412
-1.7690213012695313,0.1299298095703125,-1.5211367797851563,0.13740458015267176,0.19083969465648853,-2.8167938931297707
-1.1876303100585939,2.639012145996094,0.11047027587890626,2.5801526717557253,-0.648854961832061,1.1832061068702289
1.5112573242187501,-1.8354830932617188,0.8945397949218751,-0.6183206106870229,0.08396946564885496,-0.05343511450381679
1.6510665893554688,-1.5453863525390625,0.2796185302734375,0.015267175572519083,0.061068702290076333,0.022900763358778626
1.57352783203125,-1.526824951171875,0.14609619140625002,-0.24427480916030533,-0.061068702290076333,-0.015267175572519083
1.543590087890625,-1.4409036254882812,0.044008483886718755,0.04580152671755725,0.030534351145038167,0.022900763358778626
1.4397061157226563,-1.204395446777344,-0.08771759033203125,-0.07633587786259542,0.007633587786259542,0.04580152671755725
1.1690689086914063,-0.9238787841796875,-0.29758117675781254,-0.21374045801526717,-0.08396946564885496,-0.03816793893129771
1.1373348999023438,-0.7667056274414062,-0.3047662353515625,-0.13740458015267176,-0.030534351145038167,-0.03816793893129771
0.9861492919921876,-0.501756591796875,-0.35356475830078127,-0.17557251908396945,-0.07633587786259542,-0.06870229007633588
0.5122348022460937,-0.07604187011718751,-0.11585906982421876,-0.46564885496183206,-0.29770992366412213,-0.04580152671755725
-0.3823049926757813,1.2097842407226562,1.450184326171875,0.32061068702290074,-0.6335877862595419,0.7633587786259541
-0.7050338745117188,1.2786410522460938,0.8220904541015626,0.8167938931297709,-0.32061068702290074,1.1450381679389312
-0.9367520141601563,1.2798385620117188,0.38080810546875005,0.15267175572519084,-0.38167938931297707,1.7099236641221374
0.7694000244140625,0.014070739746093752,-0.6143225097656251,-0.07633587786259542,-0.17557251908396945,1.9312977099236641
1.635498962402344,-1.2481045532226562,0.08412506103515625,-0.25190839694656486,-0.8015267175572519,0.46564885496183206
-0.9113049316406251,-2.5872198486328126,-0.3400927734375,0.648854961832061,1.9083969465648853,-2.748091603053435
-2.2998175048828124,2.292931823730469,1.1190728759765625,-0.04580152671755725,-0.26717557251908397,-1.2900763358778626
0.0,3.2048355102539063,0.5322930908203125,0.015267175572519083,0.0,0.17557251908396945
0.06586303710937501,0.5589376831054688,-0.20357666015625,0.03816793893129771,0.20610687022900762,1.4809160305343512
0.8181985473632812,-0.7807763671875,-0.05718109130859375,-0.9312977099236641,0.09923664122137404,1.2213740458015268
1.847757568359375,-0.7349716186523438,-0.2149530029296875,-1.2213740458015268,0.11450381679389313,0.29770992366412213
2.2252725219726566,-0.5804928588867188,0.03143463134765625,1.129770992366412,1.2748091603053435,-1.534351145038168
0.9202862548828126,-0.15477813720703126,0.43499542236328126,0.7786259541984732,0.6870229007633587,-2.145038167938931
-1.6750167846679689,0.7119195556640625,-1.3992901611328126,1.5725190839694656,1.8091603053435115,-1.9465648854961832
1.6830999755859375,-1.9716998291015626,-0.025746459960937502,-0.04580152671755725,-0.12213740458015267,0.40458015267175573
1.6196319580078127,-1.6914825439453125,0.5493576049804688,0.549618320610687,-0.022900763358778626,0.1297709923664122
1.5846047973632813,-1.4205459594726564,0.13621673583984376,-0.08396946564885496,0.04580152671755725,-0.015267175572519083
1.538800048828125,-1.4088702392578125,-0.1742376708984375,0.022900763358778626,-0.022900763358778626,0.022900763358778626
1.4660513305664062,-1.2451107788085938,-0.1646575927734375,0.26717557251908397,-0.022900763358778626,0.04580152671755725
1.4331198120117188,-1.0053094482421876,-0.42810974121093753,-0.2595419847328244,-0.061068702290076333,-0.08396946564885496
1.3073812866210939,-1.0690768432617188,-0.39158569335937504,-0.05343511450381679,-0.10687022900763359,-0.007633587786259542
0.09340576171875001,-0.10508148193359376,-0.05987548828125,-0.33587786259541985,-0.7251908396946565,0.366412213740458
-0.25387207031250003,0.9948312377929688,0.9768685913085938,0.5954198473282443,-0.11450381679389313,0.9083969465648855
-1.215472412109375,2.1315673828125,0.6867718505859375,0.5038167938931297,0.030534351145038167,1.6412213740458015
-0.45265869140625004,1.2415182495117187,-0.233514404296875,0.030534351145038167,0.05343511450381679,2.0381679389312977
1.380728759765625,-0.5050497436523438,-0.35057098388671876,-0.2595419847328244,0.061068702290076333,1.4732824427480915
2.7198440551757814,-1.8396743774414064,-0.060174865722656255,-0.42748091603053434,-0.022900763358778626,-0.4961832061068702
2.039059753417969,-1.9974462890625,-0.2736309814453125,0.32061068702290074,0.7480916030534351,-1.7022900763358777
-0.8214916992187501,-2.245031433105469,-0.0748443603515625,0.8854961832061068,0.38167938931297707,-2.1297709923664123
-0.8325686645507813,3.00095947265625,0.27722351074218754,0.5038167938931297,0.030534351145038167,-0.1297709923664122
0.3430865478515625,2.073787536621094,0.6188131713867188,-0.23664122137404578,-0.15267175572519084,0.3511450381679389
0.13621673583984376,0.4149371337890625,-0.3921844482421875,0.015267175572519083,0.4809160305343511,1.3282442748091603
1.7741107177734377,-0.8858578491210938,0.13921051025390627,-1.0687022900763359,0.0916030534351145,0.3282442748091603
2.485730895996094,-0.7481442260742188,0.4808001708984375,0.09923664122137404,0.015267175572519083,-0.6183206106870229
1.1621832275390627,-0.0484991455078125,0.18681152343750002,0.7709923664122137,0.48854961832061067,-1.8931297709923662
-0.042810974121093755,1.0603948974609376,0.985550537109375,0.7862595419847328,-0.45038167938931295,-1.2442748091603053
-0.4164340209960938,0.31943572998046876,0.6412664794921875,-0.04580152671755725,-0.08396946564885496,-1.7786259541984732
-0.4164340209960938,0.31943572998046876,0.6412664794921875,-0.04580152671755725,-0.08396946564885496,-1.7786259541984732
-0.4164340209960938,0.31943572998046876,0.6412664794921875,-0.04580152671755725,-0.08396946564885496,-1.7786259541984732
-0.4164340209960938,0.31943572998046876,0.6412664794921875,-0.04580152671755725,-0.08396946564885496,-1.7786259541984732
0.882564697265625,-0.699345703125,0.17393829345703127,0.13740458015267176,0.022900763358778626,-0.022900763358778626
0.882564697265625,-0.699345703125,0.17393829345703127,0.13740458015267176,0.022900763358778626,-0.022900763358778626
0.882564697265625,-0.699345703125,0.17393829345703127,0.13740458015267176,0.022900763358778626,-0.022900763358778626
0.6631210327148438,-0.9852511596679688,0.147293701171875,-0.13740458015267176,-0.0916030534351145,0.061068702290076333
0.6445596313476563,-1.2624746704101564,0.33410522460937503,0.24427480916030533,-0.007633587786259542,-0.05343511450381679
0.6580316162109375,-0.5751040649414063,-0.13711486816406251,-0.10687022900763359,0.015267175572519083,-0.061068702290076333
0.55803955078125,-0.7229965209960938,0.0173638916015625,-0.1297709923664122,0.05343511450381679,-0.007633587786259542
0.5786965942382812,-0.5748046875,-0.08861572265625,-0.183206106870229,0.05343511450381679,-0.007633587786259542
0.37811370849609377,-0.3565585327148438,0.0089813232421875,-0.16793893129770993,0.0,0.022900763358778626
0.3715274047851563,-0.3107537841796875,0.04999603271484375,0.0,-0.0916030534351145,0.061068702290076333
-0.02245330810546875,0.8355624389648438,0.5589376831054688,0.19083969465648853,-0.13740458015267176,0.5419847328244275
-0.6924600219726563,1.2954061889648438,0.8529263305664063,1.0305343511450382,-0.1984732824427481,1.5038167938931297
-0.39158569335937504,1.6085549926757814,-0.0568817138671875,0.015267175572519083,-0.2213740458015267,1.916030534351145
2.4800427246093752,-1.482217712402344,0.3541635131835938,-0.35877862595419846,-0.549618320610687,-0.12213740458015267
2.0603155517578124,-2.2908361816406253,-0.7960446166992188,0.25190839694656486,0.8549618320610687,-1.8702290076335877
-0.8343649291992188,-0.2197430419921875,0.7271878051757813,0.10687022900763359,0.1450381679389313,-1.6412213740458015
-0.0640667724609375,2.6698480224609376,0.7511380004882813,0.22900763358778625,0.061068702290076333,-0.33587786259541985
0.33979339599609376,2.5261468505859375,0.6709048461914063,-0.007633587786259542,-0.16030534351145037,0.45038167938931295
0.036524047851562505,1.1088940429687502,0.20806732177734377,0.061068702290076333,-0.17557251908396945,1.198473282442748
0.5245092773437501,-0.5544470214843751,0.40475830078125,-0.022900763358778626,0.007633587786259542,1.366412213740458
1.5549664306640625,-0.8322692871093751,0.11406280517578125,-1.015267175572519,0.1297709923664122,0.4198473282442748
2.1701870727539063,-1.1409274291992189,0.39248382568359375,0.21374045801526717,0.20610687022900762,-0.6335877862595419
-0.4005670166015625,-0.6508465576171876,0.6511459350585938,1.213740458015267,-0.8015267175572519,-1.8854961832061068
-1.3313314819335937,0.7289840698242188,-0.12005035400390626,0.5038167938931297,-0.41221374045801523,-2.4580152671755724
-1.0517129516601562,0.28770172119140625,-0.012274475097656251,0.09923664122137404,0.9007633587786259,-2.229007633587786
1.3936019897460938,-2.229463806152344,0.566422119140625,-1.114503816793893,-0.030534351145038167,-0.061068702290076333
1.1433224487304687,-1.3570779418945313,0.20806732177734377,-0.22900763358778625,-0.1297709923664122,0.03816793893129771
1.2762460327148437,-1.5917898559570314,0.3224295043945313,-0.25190839694656486,-0.08396946564885496,-0.03816793893129771
1.1394305419921875,-1.282532958984375,0.0987945556640625,0.21374045801526717,0.007633587786259542,0.0
0.9849517822265625,-1.3100756835937502,0.16166381835937502,0.13740458015267176,-0.07633587786259542,0.022900763358778626
1.0136920166015626,-1.1307485961914063,0.19130218505859375,0.24427480916030533,-0.015267175572519083,-0.0916030534351145
0.8514294433593751,-0.9762698364257812,-0.199984130859375,-0.5114503816793893,0.015267175572519083,0.022900763358778626
0.7939489746093751,-0.7277865600585938,-0.15178436279296875,-0.2213740458015267,0.03816793893129771,-0.05343511450381679
0.6050418090820313,-0.324525146484375,-0.07813751220703126,-0.5038167938931297,-0.08396946564885496,-0.06870229007633588
0.5562432861328125,-0.00748443603515625,0.09340576171875001,-0.6946564885496183,-0.16030534351145037,-0.04580152671755725
0.4915777587890625,0.25926086425781253,0.07095245361328126,-0.282442748091603,0.007633587786259542,-0.030534351145038167
-0.20058288574218752,0.91729248046875,1.6148419189453125,0.7633587786259541,-0.2595419847328244,0.8244274809160305
-0.5346881103515625,0.9145980834960938,0.9744735717773438,1.5877862595419847,0.03816793893129771,1.5038167938931297
-0.9636959838867188,1.6295114135742188,-0.4763095092773438,0.06870229007633588,-0.4809160305343511,2.1297709923664123
1.6684304809570314,-1.7244140625000002,0.3936813354492188,-0.3969465648854962,-0.564885496183206,1.0305343511450382
2.4480093383789066,-2.3569985961914064,-0.1215472412109375,0.7022900763358778,0.16793893129770993,-0.5114503816793893
1.9618203735351563,-2.6704467773437504,0.0724493408203125,0.35877862595419846,0.20610687022900762,-1.5190839694656488
-0.89334228515625,-1.7342935180664063,0.5445675659179687,-0.0916030534351145,0.06870229007633588,-2.3587786259541983
-1.3888119506835939,2.8686346435546874,0.8840615844726563,0.061068702290076333,-0.22900763358778625,-0.9389312977099237
0.30326934814453127,3.3338671875,0.7993377685546875,0.0916030534351145,-0.07633587786259542,0.3969465648854962
-0.6750961303710938,1.0568023681640626,-0.1167572021484375,0.33587786259541985,0.2900763358778626,1.7557251908396947
0.10328521728515626,-0.7673043823242188,0.20986358642578126,-0.3969465648854962,0.4809160305343511,1.7404580152671756
2.5465045166015625,-1.0352471923828126,1.0098001098632814,-0.7175572519083969,-0.04580152671755725,-0.007633587786259542
1.9591259765625002,-1.6474740600585938,0.8355624389648438,-0.6564885496183206,-0.6946564885496183,-1.1755725190839694
-1.0313552856445314,-0.4206253051757813,1.0672805786132813,-0.5801526717557252,0.6641221374045801,-2.8931297709923665
-1.1073971557617188,0.5586383056640625,1.8223104858398438,-0.03816793893129771,0.4809160305343511,-2.66412213740458
-1.8699114990234376,2.75187744140625,-0.3308120727539063,4.511450381679389,0.3129770992366412,-0.1297709923664122
1.5864010620117188,-1.5582595825195313,0.868194580078125,-1.4274809160305344,-0.5267175572519084,0.06870229007633588
1.2801379394531252,-1.6064593505859375,0.6158193969726563,0.03816793893129771,0.2595419847328244,-0.15267175572519084
1.0840457153320313,-0.9816586303710938,0.46523254394531255,-0.7022900763358778,-0.12213740458015267,0.16793893129770993
1.0948233032226562,-1.2496014404296876,0.5176235961914063,-0.3129770992366412,-0.061068702290076333,0.1297709923664122
1.0888357543945313,-1.0451266479492187,0.3897894287109375,0.5267175572519084,0.183206106870229,-0.13740458015267176
0.966390380859375,-0.8864566040039062,0.32302825927734374,0.6106870229007634,0.015267175572519083,-0.13740458015267176
0.8535250854492188,-0.6930587768554688,0.28949798583984376,-0.4198473282442748,-0.1297709923664122,0.09923664122137404
0.9921368408203125,-0.7972421264648438,0.29338989257812503,-0.015267175572519083,0.11450381679389313,-0.10687022900763359
0.6619235229492187,-0.5466632080078125,0.42302032470703127,-0.1450381679389313,-0.061068702290076333,0.08396946564885496
0.4981640625,-0.061671752929687504,0.28949798583984376,-0.2595419847328244,0.007633587786259542,0.0
0.5185217285156251,0.12005035400390626,0.374820556640625,-0.5725190839694656,-0.030534351145038167,0.05343511450381679
0.5721102905273437,0.22602996826171876,0.5454656982421875,-0.48854961832061067,-0.030534351145038167,0.05343511450381679
0.5721102905273437,0.22602996826171876,0.5454656982421875,-0.48854961832061067,-0.030534351145038167,0.05343511450381679
0.5721102905273437,0.22602996826171876,0.5454656982421875,-0.48854961832061067,-0.030534351145038167,0.05343511450381679
-1.2852273559570313,0.7188052368164063,2.1174966430664064,1.580152671755725,-1.0229007633587786,1.6793893129770991
-1.2852273559570313,0.7188052368164063,2.1174966430664064,1.580152671755725,-1.0229007633587786,1.6793893129770991
-1.2852273559570313,0.7188052368164063,2.1174966430664064,1.580152671755725,-1.0229007633587786,1.6793893129770991
-1.2852273559570313,0.7188052368164063,2.1174966430664064,1.580152671755725,-1.0229007633587786,1.6793893129770991
1.6447796630859375,-1.8971548461914063,-0.13501922607421876,0.22900763358778625,0.6793893129770993,-1.3129770992366412
-0.8328680419921876,-2.12917236328125,0.25267456054687504,-0.2213740458015267,1.1832061068702289,-2.4427480916030535
0.2347119140625,3.0814920043945313,1.2124786376953125,-0.11450381679389313,-0.26717557251908397,0.732824427480916
-0.532891845703125,1.1187734985351563,0.5478607177734375,0.42748091603053434,-0.33587786259541985,1.8244274809160304
0.144898681640625,-0.7217990112304687,0.40745269775390625,-0.23664122137404578,-0.10687022900763359,1.748091603053435
1.4600637817382813,-0.8403524780273438,0.12903167724609377,-0.9083969465648855,0.06870229007633588,0.4351145038167939
1.5127542114257813,-1.8938616943359377,0.26794281005859377,-0.4427480916030534,0.9923664122137404,-1.564885496183206
-1.8438656616210938,0.16196319580078125,0.5170248413085938,1.0076335877862594,1.6793893129770991,-3.633587786259542
-2.4306454467773437,1.749561767578125,1.3968951416015625,1.0763358778625953,1.3740458015267174,-2.969465648854962
0.9253756713867188,1.0304571533203126,-0.247884521484375,-0.34351145038167935,-0.366412213740458,0.35877862595419846
1.1705657958984375,-1.4855108642578125,0.8487350463867188,-1.7633587786259541,0.17557251908396945,0.12213740458015267
1.1427236938476564,-0.34907409667968753,0.26794281005859377,-0.648854961832061,-0.015267175572519083,0.04580152671755725
1.1942166137695314,-0.258662109375,-0.07604187011718751,-0.564885496183206,0.0,0.2900763358778626
1.1705657958984375,-0.3787124633789063,0.8882528686523438,-0.7251908396946565,-0.04580152671755725,0.007633587786259542
1.0816506958007812,-0.33171020507812504,0.6340814208984376,0.5877862595419847,-0.007633587786259542,-0.04580152671755725
0.9011260986328126,-0.02005828857421875,0.35625915527343754,0.3969465648854962,-0.1450381679389313,-0.04580152671755725
0.7771838378906251,-0.22004241943359376,0.354462890625,0.40458015267175573,-0.04580152671755725,-0.07633587786259542
0.85981201171875,-0.10268646240234376,0.257464599609375,-0.05343511450381679,0.030534351145038167,-0.16793893129770993
0.5128335571289063,-0.0143701171875,0.22123992919921875,-0.3282442748091603,-0.022900763358778626,0.04580152671755725
0.678988037109375,-0.10148895263671875,0.38859191894531253,-0.33587786259541985,-0.022900763358778626,0.061068702290076333
0.4589456176757813,0.16256195068359375,0.46702880859375,-0.13740458015267176,-0.015267175572519083,-0.015267175572519083
0.41074584960937505,0.2245330810546875,0.319735107421875,-0.07633587786259542,0.03816793893129771,-0.022900763358778626
-0.7682025146484376,0.7870632934570313,2.1639001464843752,0.17557251908396945,-1.0,0.5954198473282443
-1.4187496948242189,0.49367340087890627,2.181563415527344,1.9770992366412212,-1.0305343511450382,1.297709923664122
-1.0184820556640626,1.8785934448242188,0.5098397827148438,0.6946564885496183,-0.5190839694656488,2.4427480916030535
-0.7574249267578126,0.8987310791015626,-0.19549346923828126,0.183206106870229,0.183206106870229,2.404580152671756
2.31119384765625,-2.4635769653320314,-0.05239105224609375,0.015267175572519083,0.32061068702290074,-0.7938931297709924
0.6274951171875001,-2.4285498046875,-0.025147705078125002,0.32061068702290074,1.045801526717557,-2.465648854961832
-2.395618286132813,-1.728006591796875,-0.7002438354492188,0.48854961832061067,0.7480916030534351,-2.8091603053435112
-0.7247927856445313,2.4363336181640625,1.0175839233398438,0.5877862595419847,0.26717557251908397,-0.916030534351145
0.12214599609375,3.34105224609375,0.861009521484375,-0.12213740458015267,-0.08396946564885496,0.10687022900763359
-0.14519805908203126,1.3510903930664062,-0.21405487060546877,0.4351145038167939,0.06870229007633588,1.5419847328244274
-0.17004638671875,-0.5981561279296875,-0.1981878662109375,-0.19083969465648853,0.6030534351145038,1.6564885496183206
0.6963519287109375,-1.21906494140625,0.162861328125,-1.083969465648855,-0.10687022900763359,1.1908396946564885
1.3950988769531252,-1.1672726440429688,0.2547702026367188,-0.6412213740458015,-0.3282442748091603,0.5954198473282443
1.3885125732421875,-2.11001220703125,0.305364990234375,-0.5725190839694656,0.0916030534351145,-1.7633587786259541
-2.6279351806640627,0.18681152343750002,1.2699591064453126,0.48854961832061067,0.04580152671755725,-2.786259541984733
-2.090552673339844,1.2208612060546875,0.5116360473632813,0.03816793893129771,0.33587786259541985,-2.1755725190839694
1.1819421386718751,-1.6109500122070313,-0.2173480224609375,-1.366412213740458,0.5343511450381679,0.3893129770992366
1.3151651000976563,-1.7274078369140626,0.5541476440429688,-0.8015267175572519,-0.22900763358778625,0.1450381679389313
0.7999365234375,-0.62031005859375,0.719703369140625,-0.20610687022900762,-0.1297709923664122,0.06870229007633588
1.0268646240234376,-0.865799560546875,0.2682421875,-0.15267175572519084,0.07633587786259542,0.1450381679389313
1.0145901489257814,-0.814306640625,0.2817141723632813,0.09923664122137404,0.030534351145038167,-0.007633587786259542
0.9136999511718751,-0.722098388671875,0.099393310546875,0.2595419847328244,-0.007633587786259542,-0.015267175572519083
0.69695068359375,-0.6469546508789062,0.36673736572265625,0.22900763358778625,-0.12213740458015267,0.04580152671755725
0.8277786254882813,-0.5445675659179687,0.009580078125,-0.1297709923664122,0.08396946564885496,-0.1297709923664122
0.5406756591796875,-0.4317022705078125,-0.13142669677734375,-0.4961832061068702,-0.07633587786259542,0.06870229007633588
0.6457571411132813,-0.3894900512695313,0.3757186889648438,-0.38167938931297707,-0.022900763358778626,0.05343511450381679
0.6002517700195312,-0.1598675537109375,0.168848876953125,-0.015267175572519083,0.1297709923664122,-0.06870229007633588
0.44607238769531254,0.14879058837890627,0.25357269287109374,-0.3511450381679389,-0.015267175572519083,-0.015267175572519083
0.36284545898437504,0.3035687255859375,0.33440460205078126,-0.26717557251908397,-0.030534351145038167,0.0
-0.4517605590820313,1.5905923461914064,1.9983444213867188,0.22900763358778625,-0.4961832061068702,0.83206106870229
-1.0508148193359375,1.3463003540039062,1.4271322631835939,1.3969465648854962,-0.5114503816793893,1.7404580152671756
-1.2519964599609377,1.45377685546875,0.30686187744140625,0.6717557251908397,-0.3893129770992366,2.297709923664122
-0.8376580810546875,0.880169677734375,-0.731678466796875,0.1450381679389313,-0.04580152671755725,2.282442748091603
0.6328839111328125,-0.64905029296875,-0.360450439453125,-0.1297709923664122,-0.04580152671755725,1.66412213740458
2.172881469726563,-2.3872357177734376,-0.0293389892578125,-0.1984732824427481,0.32061068702290074,-0.47328244274809156
-0.8735833740234376,-2.921325073242188,-0.37242553710937504,1.3358778625954197,0.45038167938931295,-2.618320610687023
-1.5983761596679689,2.7431954956054687,0.050295410156250005,0.061068702290076333,-0.4198473282442748,-0.9847328244274809
0.3062631225585938,3.1123278808593753,-0.4532574462890625,-0.061068702290076333,0.015267175572519083,0.22900763358778625
-0.11945159912109375,0.49786468505859377,0.006586303710937501,0.2900763358778626,0.11450381679389313,1.3587786259541985
0.29219238281250004,-0.8173004150390626,0.19369720458984377,0.4351145038167939,0.6641221374045801,1.4732824427480915
0.9996212768554688,-0.9050180053710938,0.5146298217773437,-0.5038167938931297,0.25190839694656486,1.2366412213740459
1.6280145263671877,-1.06099365234375,0.037721557617187505,-1.648854961832061,0.24427480916030533,0.4198473282442748
1.4615606689453127,-1.7366885375976564,0.8262817382812501,-1.015267175572519,-0.04580152671755725,-1.3358778625954197
1.4615606689453127,-1.7366885375976564,0.8262817382812501,-1.015267175572519,-0.04580152671755725,-1.3358778625954197
1.4615606689453127,-1.7366885375976564,0.8262817382812501,-1.015267175572519,-0.04580152671755725,-1.3358778625954197
1.4615606689453127,-1.7366885375976564,0.8262817382812501,-1.015267175572519,-0.04580152671755725,-1.3358778625954197
1.4615606689453127,-1.7366885375976564,0.8262817382812501,-1.015267175572519,-0.04580152671755725,-1.3358778625954197
1.4615606689453127,-1.7366885375976564,0.8262817382812501,-1.015267175572519,-0.04580152671755725,-1.3358778625954197
1.4615606689453127,-1.7366885375976564,0.8262817382812501,-1.015267175572519,-0.04580152671755725,-1.3358778625954197
1.4615606689453127,-1.7366885375976564,0.8262817382812501,-1.015267175572519,-0.04580152671755725,-1.3358778625954197
0.9526190185546876,-1.1109896850585939,0.10208770751953125,0.11450381679389313,-0.007633587786259542,0.0
0.9053173828125001,-1.0346484375,0.018262023925781252,0.09923664122137404,-0.12213740458015267,0.05343511450381679
1.0217752075195312,-1.1780502319335937,0.18441650390625,0.1984732824427481,-0.007633587786259542,-0.007633587786259542
0.70174072265625,-0.8214916992187501,-0.22034179687500002,-0.42748091603053434,-0.030534351145038167,-0.007633587786259542
0.7424560546875001,-0.664617919921875,-0.1149609375,-0.48854961832061067,-0.03816793893129771,0.030534351145038167
0.70174072265625,-0.46223876953125004,-0.089813232421875,-0.21374045801526717,-0.022900763358778626,0.0
0.45984375,-0.16435821533203127,0.025147705078125002,-0.35877862595419846,-0.022900763358778626,-0.022900763358778626
0.33260833740234375,0.398770751953125,0.3658392333984375,-0.5801526717557252,-0.0916030534351145,0.030534351145038167
-0.41164398193359375,1.3968951416015625,0.8220904541015626,0.47328244274809156,0.03816793893129771,1.0763358778625953
-1.3337265014648438,1.8998492431640626,0.24578887939453126,0.20610687022900762,-0.13740458015267176,2.030534351145038
-1.8229092407226564,1.2981005859375,-0.5706134033203125,-0.366412213740458,-1.045801526717557,3.0
1.2699591064453126,-1.1517050170898437,-0.750838623046875,0.282442748091603,-0.2595419847328244,1.2442748091603053
1.627415771484375,-2.2138961791992187,0.12484039306640625,0.6793893129770993,0.7022900763358778,-1.7175572519083968
-1.5579602050781252,0.6744973754882813,-0.5116360473632813,0.5572519083969465,-0.05343511450381679,-1.66412213740458
-0.12693603515625002,3.440146179199219,0.288599853515625,-0.08396946564885496,0.0916030534351145,-0.17557251908396945
0.09669891357421875,2.452200622558594,0.6448590087890625,0.030534351145038167,0.007633587786259542,0.7251908396946565
-0.20806732177734377,0.42032592773437505,0.15178436279296875,0.8167938931297709,0.3969465648854962,1.748091603053435
0.4014651489257813,-1.24541015625,0.08891510009765625,-0.45038167938931295,0.33587786259541985,1.4198473282442747
1.4409036254882812,-0.7885601806640625,0.23111938476562502,-1.1450381679389312,-0.015267175572519083,0.5801526717557252
2.0219952392578127,-1.1005114746093752,0.41852966308593753,-1.0305343511450382,0.1450381679389313,-0.7480916030534351
-1.898052978515625,0.398770751953125,0.24040008544921876,0.40458015267175573,1.2595419847328244,-2.763358778625954
-2.9506640625,1.9342776489257814,-0.6014492797851563,0.41221374045801523,0.83206106870229,-2.679389312977099
-0.6798861694335938,1.1918215942382813,1.5552658081054689,2.0839694656488548,-1.0229007633587786,0.6412213740458015
1.2385244750976563,-1.7058526611328126,0.314945068359375,-1.2290076335877862,0.564885496183206,0.11450381679389313
1.5142510986328126,-2.3040087890625003,0.076640625,-0.24427480916030533,-0.1984732824427481,0.25190839694656486
1.1597882080078126,-1.2193643188476564,1.1849359130859376,0.20610687022900762,0.24427480916030533,-0.29770992366412213
1.0343490600585938,-1.0041119384765627,0.3849993896484375,-0.1450381679389313,-0.030534351145038167,-0.08396946564885496
0.8092172241210938,-0.7403604125976563,0.19489471435546876,-0.5572519083969465,-0.09923664122137404,0.1297709923664122
1.0062075805664064,-0.6972500610351563,0.26614654541015625,0.3053435114503817,0.07633587786259542,-0.23664122137404578
0.6352789306640625,-0.10298583984375001,-0.13561798095703126,-0.7251908396946565,0.007633587786259542,0.15267175572519084
0.7346722412109375,-0.24878265380859377,0.2912942504882813,-0.47328244274809156,0.05343511450381679,0.08396946564885496
0.7562274169921875,0.07035369873046875,0.271834716796875,-0.03816793893129771,0.11450381679389313,-0.04580152671755725
0.6712042236328125,0.16675323486328125,0.12274475097656251,-0.16793893129770993,0.0,-0.015267175572519083
0.587977294921875,0.3993695068359375,0.24758514404296877,-0.06870229007633588,0.030534351145038167,0.030534351145038167
-0.32602203369140625,0.8511300659179688,1.45377685546875,1.6335877862595418,-0.22900763358778625,1.4122137404580153
-2.1330642700195312,2.7560687255859375,-0.1335223388671875,0.08396946564885496,-0.4351145038167939,2.83206106870229
0.43828857421875,-0.9837542724609375,-0.6499484252929688,-0.12213740458015267,-0.0916030534351145,1.5038167938931297
1.6627423095703127,-3.0527517700195315,-0.10597961425781251,-0.35877862595419846,0.23664122137404578,-0.366412213740458
-0.607137451171875,-3.58055419921875,-0.45565246582031255,0.6412213740458015,1.6564885496183206,-3.480916030534351
-1.910028076171875,2.4324417114257812,-0.43379791259765627,0.21374045801526717,0.06870229007633588,-1.2900763358778626
-0.32302825927734374,3.0865814208984377,0.08801696777343751,0.05343511450381679,0.015267175572519083,1.0076335877862594
-0.5945635986328125,0.3011737060546875,-0.45235931396484375,0.29770992366412213,0.3511450381679389,1.7557251908396947
-0.1035845947265625,-0.868194580078125,0.23860382080078127,-0.5572519083969465,0.46564885496183206,1.8854961832061068
1.1487112426757813,-0.7948471069335938,0.0221539306640625,-1.6335877862595418,-0.25190839694656486,0.8931297709923663
1.9980450439453126,-1.1624826049804688,0.2796185302734375,-0.10687022900763359,0.20610687022900762,-0.282442748091603
-3.253634033203125,0.6619235229492187,-0.35865417480468753,-0.9389312977099237,1.2671755725190839,-4.083969465648855
1.0627899169921875,-0.7598199462890626,-1.3968951416015625,-2.0229007633587783,0.564885496183206,0.38167938931297707
1.1543994140625,-1.4962884521484376,0.07933502197265625,-0.9083969465648855,-0.35877862595419846,0.282442748091603
1.0591973876953125,-1.2017010498046876,0.5236111450195313,0.6717557251908397,0.12213740458015267,-0.183206106870229
0.9445358276367188,-0.8125103759765625,0.22004241943359376,0.5190839694656488,-0.022900763358778626,-0.06870229007633588
0.8663983154296876,-1.0002200317382812,0.183218994140625,0.46564885496183206,-0.061068702290076333,0.0
0.8478369140625001,-1.043031005859375,0.37631744384765625,0.16030534351145037,-0.061068702290076333,0.03816793893129771
0.7879614257812501,-1.0319540405273437,0.28021728515625,-0.11450381679389313,0.022900763358778626,-0.030534351145038167
0.6990463256835938,-1.0388397216796876,0.31404693603515627,-0.09923664122137404,-0.007633587786259542,-0.015267175572519083
0.724493408203125,-0.5511538696289062,0.1191522216796875,-0.022900763358778626,0.061068702290076333,-0.1450381679389313
0.5661227416992187,-0.264649658203125,0.0868194580078125,-0.5801526717557252,0.0,0.17557251908396945
0.5511538696289062,-0.0101788330078125,0.4221221923828125,-0.4580152671755725,0.007633587786259542,0.07633587786259542
0.602347412109375,0.23860382080078127,0.3849993896484375,-0.23664122137404578,0.061068702290076333,-0.03816793893129771
0.3104544067382813,0.7071295166015625,0.37631744384765625,-0.42748091603053434,-0.05343511450381679,0.022900763358778626
0.3104544067382813,0.7071295166015625,0.37631744384765625,-0.42748091603053434,-0.05343511450381679,0.022900763358778626
-1.1717633056640626,1.4492861938476562,2.788102111816406,0.8473282442748091,-0.6717557251908397,1.015267175572519
-1.1717633056640626,1.4492861938476562,2.788102111816406,0.8473282442748091,-0.6717557251908397,1.015267175572519
-1.1717633056640626,1.4492861938476562,2.788102111816406,0.8473282442748091,-0.6717557251908397,1.015267175572519
-1.1717633056640626,1.4492861938476562,2.788102111816406,0.8473282442748091,-0.6717557251908397,1.015267175572519
-0.7083270263671876,-3.304827575683594,0.029937744140625,0.5038167938931297,1.1832061068702289,-3.8625954198473282
-3.886817321777344,1.6199313354492189,-0.3496728515625,1.1603053435114503,-0.3511450381679389,-1.4274809160305344
0.13651611328125002,3.0686187744140625,-0.8217910766601563,0.16030534351145037,0.183206106870229,0.11450381679389313
0.30985565185546876,1.7438735961914062,-0.5478607177734375,-0.3511450381679389,0.1297709923664122,0.9465648854961831
-0.1622625732421875,-0.22183868408203125,-0.8232879638671875,-0.5419847328244275,0.6793893129770993,1.465648854961832
0.4631369018554688,-0.8807684326171875,0.016465759277343752,-1.297709923664122,-0.13740458015267176,1.7786259541984732
1.0038125610351563,-0.7945477294921875,-0.039517822265625,-1.1832061068702289,-0.6793893129770993,1.3969465648854962
1.59029296875,-1.528920593261719,0.36553985595703126,-0.183206106870229,0.35877862595419846,-1.4809160305343512
-1.8312918090820314,-2.06211181640625,0.9427395629882813,0.183206106870229,1.450381679389313,-4.541984732824427
-3.013832702636719,0.6957531738281251,0.8508306884765625,0.9618320610687022,-0.2748091603053435,-2.8702290076335877
-2.8692333984375002,2.01181640625,0.6002517700195312,3.312977099236641,-0.42748091603053434,-0.6641221374045801
0.9565109252929688,-2.048639831542969,1.1439212036132813,-1.6946564885496183,-0.5114503816793893,0.29770992366412213
1.033450927734375,-1.1582913208007812,0.3634442138671875,0.46564885496183206,0.04580152671755725,-0.08396946564885496
0.9607022094726563,-1.1472143554687502,0.6029461669921875,0.3511450381679389,-0.030534351145038167,0.03816793893129771
0.901724853515625,-1.2436138916015627,0.42840911865234377,0.08396946564885496,-0.007633587786259542,-0.030534351145038167
0.801134033203125,-1.0840457153320313,0.38350250244140627,-0.1297709923664122,-0.030534351145038167,0.015267175572519083
0.9175918579101563,-0.9795629882812501,0.27303222656250004,-0.09923664122137404,-0.022900763358778626,-0.06870229007633588
0.6688092041015625,-0.7765850830078126,0.22273681640625,-0.2748091603053435,-0.015267175572519083,0.061068702290076333
0.6370751953125,-0.41074584960937505,0.132923583984375,-0.2748091603053435,0.030534351145038167,0.030534351145038167
0.6062393188476562,-0.23171813964843752,0.1335223388671875,-0.42748091603053434,0.015267175572519083,0.007633587786259542
0.5882766723632813,0.3209326171875,0.4182302856445313,-0.48854961832061067,0.015267175572519083,0.0916030534351145
-0.035326538085937505,1.806742858886719,1.5813116455078127,-0.03816793893129771,-0.24427480916030533,0.8625954198473282
0.1251397705078125,1.8600320434570314,0.37901184082031253,0.3129770992366412,0.4198473282442748,1.2213740458015268
-0.7229965209960938,2.472857666015625,0.7206015014648438,0.2900763358778626,-0.16030534351145037,2.3053435114503817
-0.2496807861328125,-0.40655456542968754,-0.9675878906250001,-0.015267175572519083,-0.04580152671755725,2.5801526717557253
1.6845968627929688,-1.5929873657226563,-0.22243743896484375,0.3282442748091603,-0.12213740458015267,0.4351145038167939
0.9107061767578125,-2.382445678710938,-0.01107696533203125,-0.04580152671755725,0.47328244274809156,-1.2213740458015268
-1.0565029907226564,-3.8044885253906253,-0.8448431396484375,0.8549618320610687,1.7099236641221374,-4.015267175572519
0.09101074218750001,1.8025515747070313,-1.565145263671875,0.5725190839694656,-0.48854961832061067,-0.5725190839694656
0.5418731689453126,2.5369244384765626,-1.0987152099609376,-0.4961832061068702,-0.030534351145038167,0.7099236641221374
-0.2508782958984375,-0.11795471191406251,-1.1002120971679688,0.3969465648854962,0.6870229007633587,1.83206106870229
0.19100280761718752,-1.9273919677734377,0.37901184082031253,-1.3053435114503815,0.19083969465648853,1.6793893129770991
1.3980926513671876,-1.7672250366210938,0.319735107421875,-1.2442748091603053,0.030534351145038167,0.916030534351145
1.4172528076171875,-1.6941769409179688,0.6550378417968751,-0.42748091603053434,0.05343511450381679,-1.099236641221374
-1.0900332641601562,-2.3971151733398437,0.31763946533203125,0.21374045801526717,0.11450381679389313,-3.427480916030534
-2.9365933227539065,-0.00089813232421875,0.664617919921875,2.9847328244274807,0.5038167938931297,-2.5801526717557253
1.4762301635742188,-1.2768447875976563,-1.0565029907226564,-0.916030534351145,0.564885496183206,0.09923664122137404
1.6929794311523438,-1.5926879882812501,-0.046403503417968756,0.2213740458015267,0.183206106870229,-0.20610687022900762
1.1454180908203127,-1.0942245483398438,0.09789642333984376,0.3511450381679389,0.20610687022900762,0.06870229007633588
1.1969110107421876,-1.3367202758789063,0.07903564453125,0.022900763358778626,-0.03816793893129771,0.015267175572519083
0.849034423828125,-1.0265652465820314,0.17004638671875,0.24427480916030533,-0.19083969465648853,0.09923664122137404
0.868194580078125,-1.0002200317382812,0.20118164062500002,-0.20610687022900762,-0.07633587786259542,0.1297709923664122
0.7756869506835938,-0.6233038330078126,-0.2508782958984375,-0.10687022900763359,-0.03816793893129771,-0.17557251908396945
0.662222900390625,-0.5131329345703125,-0.33979339599609376,-0.7709923664122137,-0.08396946564885496,0.16030534351145037
0.8017327880859375,-0.23141876220703125,0.15657440185546875,-0.5725190839694656,0.061068702290076333,0.022900763358778626
0.5777984619140625,0.1682501220703125,0.2808160400390625,-0.15267175572519084,0.022900763358778626,-0.06870229007633588
0.48678771972656254,0.6149212646484375,0.5442681884765626,-0.3129770992366412,0.05343511450381679,0.04580152671755725
-0.14280303955078125,0.7442523193359375,1.9309844970703125,1.381679389312977,-0.40458015267175573,0.6793893129770993
-1.2109817504882814,1.84656005859375,0.7355703735351563,1.0534351145038168,-0.16793893129770993,2.068702290076336
-1.7079483032226563,1.1268566894531251,-1.2684622192382813,0.35877862595419846,0.4198473282442748,2.564885496183206
-0.38350250244140627,-0.8017327880859375,-0.5481600952148438,0.05343511450381679,0.0916030534351145,1.7938931297709924
1.7723144531250001,-1.5145504760742188,-0.2805166625976563,0.29770992366412213,0.25190839694656486,0.4427480916030534
1.675316162109375,-1.883383483886719,-0.0532891845703125,0.4198473282442748,0.6335877862595419,-0.7022900763358778
0.7694000244140625,-2.5830285644531252,0.34907409667968753,0.09923664122137404,0.21374045801526717,-2.2442748091603053
-1.385518798828125,3.1228060913085938,-0.3305126953125,0.7786259541984732,-0.16793893129770993,-0.648854961832061
-0.31255004882812504,3.2946487426757813,-0.026345214843750003,-0.007633587786259542,-0.061068702290076333,0.5038167938931297
-0.28680358886718754,0.8116122436523437,-0.03861968994140625,-0.022900763358778626,0.1297709923664122,1.4045801526717556
-0.096998291015625,-1.47772705078125,-0.10837463378906251,-0.2595419847328244,0.13740458015267176,1.4580152671755724
1.8663189697265625,-1.3570779418945313,0.5083428955078125,-0.8091603053435115,-0.15267175572519084,-0.7557251908396946
-0.12424163818359375,-0.7511380004882813,-0.0999920654296875,0.4961832061068702,0.26717557251908397,-2.610687022900763
-2.671644287109375,0.3745211791992188,-0.6565347290039063,-0.015267175572519083,1.045801526717557,-2.9389312977099236
-1.3259426879882814,2.3330484008789063,0.86939208984375,0.8625954198473282,-0.15267175572519084,0.4198473282442748
-1.3259426879882814,2.3330484008789063,0.86939208984375,0.8625954198473282,-0.15267175572519084,0.4198473282442748
-1.3259426879882814,2.3330484008789063,0.86939208984375,0.8625954198473282,-0.15267175572519084,0.4198473282442748
-1.3259426879882814,2.3330484008789063,0.86939208984375,0.8625954198473282,-0.15267175572519084,0.4198473282442748
1.1505075073242188,-1.3283377075195313,0.10747650146484375,0.07633587786259542,0.030534351145038167,-0.007633587786259542
1.0068063354492187,-1.2499008178710938,0.0431103515625,0.33587786259541985,0.0,0.04580152671755725
0.9460327148437501,-1.204395446777344,0.02903961181640625,0.1984732824427481,0.0,0.0916030534351145
0.9460327148437501,-1.204395446777344,0.02903961181640625,0.1984732824427481,0.0,0.0916030534351145
0.9460327148437501,-1.204395446777344,0.02903961181640625,0.1984732824427481,0.0,0.0916030534351145
0.9460327148437501,-1.204395446777344,0.02903961181640625,0.1984732824427481,0.0,0.0916030534351145
0.7182064819335938,-0.8271798706054688,-0.2954855346679688,-0.4351145038167939,-0.07633587786259542,0.06870229007633588
0.6721023559570313,-0.6927593994140625,-0.14160552978515625,-0.2213740458015267,0.015267175572519083,0.015267175572519083
0.6041436767578126,-0.487386474609375,-0.13921051025390627,-0.183206106870229,0.04580152671755725,0.0
0.4409829711914063,-0.25896148681640624,-0.06376739501953126,-0.12213740458015267,-0.06870229007633588,-0.022900763358778626
0.6224057006835938,-0.09370513916015626,-0.14100677490234376,-0.16793893129770993,-0.03816793893129771,-0.022900763358778626
-1.3172607421875,1.6947756958007814,0.22423370361328127,0.33587786259541985,-0.16793893129770993,2.1221374045801524
-2.120490417480469,2.126477966308594,-0.31225067138671875,-0.09923664122137404,-0.732824427480916,2.8854961832061066
0.17663269042968752,-0.4870870971679688,-0.49097900390625004,-0.03816793893129771,-0.21374045801526717,1.8778625954198473
1.9630178833007814,-1.3106744384765625,-0.6664141845703125,0.5190839694656488,0.17557251908396945,0.5343511450381679
1.9540365600585938,-1.7555493164062501,-0.12334350585937501,0.007633587786259542,0.41221374045801523,-0.3053435114503817
1.3046868896484376,-2.2746697998046876,0.12124786376953126,0.3893129770992366,0.33587786259541985,-2.0534351145038165
-0.5544470214843751,-1.756746826171875,-0.06436614990234375,0.32061068702290074,0.8702290076335878,-2.9083969465648853
-1.5654446411132814,1.1406280517578125,0.49187713623046875,0.19083969465648853,-0.21374045801526717,-1.618320610687023
-0.42661285400390625,3.442541198730469,0.6966513061523438,0.007633587786259542,-0.09923664122137404,0.19083969465648853
-0.09789642333984376,1.6088543701171876,0.00089813232421875,0.03816793893129771,-0.16793893129770993,1.3053435114503815
0.077838134765625,-0.6077362060546875,-0.2559677124023438,-0.09923664122137404,0.2748091603053435,1.5038167938931297
0.689765625,-0.8158035278320312,0.4891827392578125,-0.366412213740458,-0.09923664122137404,1.6793893129770991
1.9740948486328127,-1.0002200317382812,0.16016693115234376,-0.45038167938931295,0.015267175572519083,0.33587786259541985
1.4555731201171875,-1.627415771484375,0.5313949584960938,-0.6030534351145038,0.20610687022900762,-1.648854961832061
-1.2906161499023439,-0.3209326171875,0.9885443115234376,0.5190839694656488,0.09923664122137404,-2.564885496183206
-2.817740478515625,0.33141082763671875,0.15687377929687502,0.4427480916030534,0.16030534351145037,-3.3053435114503817
0.9565109252929688,-1.6349002075195314,0.04580474853515625,-1.9236641221374045,-0.03816793893129771,0.06870229007633588
1.1618838500976563,-1.150806884765625,0.19579284667968752,0.2900763358778626,0.12213740458015267,-0.022900763358778626
1.12805419921875,-0.91729248046875,0.276624755859375,-0.17557251908396945,-0.04580152671755725,0.030534351145038167
1.0154882812500001,-1.0199789428710937,0.2700384521484375,-0.08396946564885496,-0.022900763358778626,0.015267175572519083
0.9271719360351564,-0.7451504516601563,0.2436932373046875,0.0916030534351145,-0.007633587786259542,-0.007633587786259542
0.8523275756835937,-0.6361770629882812,0.14669494628906252,-0.04580152671755725,0.007633587786259542,0.030534351145038167
0.8241860961914063,-0.6795867919921875,0.1389111328125,-0.05343511450381679,0.007633587786259542,0.022900763358778626
0.7601193237304688,-0.6044430541992187,0.12603790283203126,0.015267175572519083,0.0,-0.007633587786259542
0.6864724731445313,-0.494571533203125,0.096998291015625,-0.007633587786259542,0.007633587786259542,0.0
0.6385720825195312,-0.45834686279296877,0.06316864013671876,-0.022900763358778626,0.0,0.0
0.5921685791015625,-0.4086502075195313,0.04819976806640625,0.0,0.0,-0.007633587786259542
0.5376818847656251,-0.34248779296875004,0.0149688720703125,0.0,0.007633587786259542,0.007633587786259542
0.5062472534179687,-0.32332763671875003,0.00718505859375,-0.007633587786259542,0.0,0.0
0.4439767456054688,-0.2655477905273438,0.0,-0.022900763358778626,0.0,0.0
0.40954833984375,-0.25297393798828127,-0.00029937744140625,0.007633587786259542,-0.007633587786259542,0.0
0.33859588623046877,-0.228724365234375,-0.03442840576171875,0.061068702290076333,0.0,-0.015267175572519083
0.32183074951171875,-0.21824615478515627,-0.06676116943359375,-0.015267175572519083,0.007633587786259542,0.007633587786259542
0.30416748046875003,-0.23231689453125,-0.049097900390625004,-0.022900763358778626,0.0,0.0
0.27872039794921877,-0.1790277099609375,-0.04879852294921875,-0.022900763358778626,0.007633587786259542,0.0
0.2508782958984375,-0.15567626953125,-0.06496490478515625,0.0,0.0,0.0
0.23111938476562502,-0.13412109375,-0.0676593017578125,-0.007633587786259542,0.0,-0.007633587786259542
0.22423370361328127,-0.12633728027343752,-0.0688568115234375,-0.015267175572519083,0.0,-0.007633587786259542
0.20327728271484377,-0.1293310546875,-0.07334747314453126,-0.015267175572519083,0.007633587786259542,-0.015267175572519083
0.21525238037109376,-0.07843688964843751,-0.09819580078125001,-0.03816793893129771,0.007633587786259542,-0.022900763358778626
0.1778302001953125,-0.012573852539062501,-0.036524047851562505,-0.08396946564885496,-0.015267175572519083,-0.015267175572519083
0.13322296142578124,0.045205993652343755,0.013771362304687501,-0.08396946564885496,0.022900763358778626,0.022900763358778626
0.07753875732421875,0.010777587890625,0.07604187011718751,-0.03816793893129771,-0.015267175572519083,0.007633587786259542