timestamp,accel.x,accel.y,accel.z,gyro.x,gyro.y,gyro.z
08:58:336760,-0.22483245849609376,0.365240478515625,-0.5837860107421875,-0.030534351145038167,-0.061068702290076333,0.015267175572519083
08:58:471719,-0.22483245849609376,0.31105316162109375,-0.6966513061523438,-0.061068702290076333,-0.08396946564885496,0.030534351145038167
08:58:606744,-0.228724365234375,0.2820135498046875,-0.4520599365234375,-0.03816793893129771,-0.061068702290076333,0.0
08:58:741753,-0.2808160400390625,0.38200561523437504,-0.45655059814453125,0.007633587786259542,-0.08396946564885496,0.007633587786259542
08:58:876688,-0.27033782958984376,0.30326934814453127,-0.49876281738281253,0.022900763358778626,-0.030534351145038167,-0.007633587786259542
08:59:011715,-0.26734405517578125,0.281414794921875,-0.5083428955078125,0.0,-0.030534351145038167,0.0
08:59:191834,-0.26584716796875,0.22123992919921875,-0.47032196044921876,0.015267175572519083,-0.015267175572519083,0.0
08:59:326725,-0.2556683349609375,0.19489471435546876,-0.4724176025390625,0.007633587786259542,-0.015267175572519083,0.0
08:59:461756,-0.22573059082031252,0.19878662109375,-0.47481262207031255,-0.030534351145038167,-0.007633587786259542,0.0
08:59:591679,-0.23531066894531252,0.19309844970703127,-0.5730084228515625,-0.03816793893129771,-0.030534351145038167,0.015267175572519083
08:59:731814,-0.23171813964843752,0.16256195068359375,-0.549656982421875,-0.05343511450381679,-0.015267175572519083,0.007633587786259542
08:59:861726,-0.23082000732421876,0.17094451904296876,-0.5849835205078125,-0.022900763358778626,-0.030534351145038167,0.015267175572519083
09:00:001819,-0.23980133056640626,0.1299298095703125,-0.6655160522460938,0.007633587786259542,-0.007633587786259542,0.0
09:00:136933,-0.23980133056640626,0.1299298095703125,-0.6655160522460938,0.007633587786259542,-0.007633587786259542,0.0
09:00:311807,-0.2341131591796875,0.13082794189453126,-0.5876779174804688,0.007633587786259542,-0.03816793893129771,0.0
09:00:451983,-0.21644989013671875,0.16106506347656252,-0.5307962036132813,0.022900763358778626,-0.022900763358778626,-0.007633587786259542
09:00:587020,-0.21644989013671875,0.16106506347656252,-0.5307962036132813,0.022900763358778626,-0.022900763358778626,-0.007633587786259542
09:00:716883,-0.2329156494140625,0.06316864013671876,-0.6230044555664063,0.022900763358778626,-0.030534351145038167,0.007633587786259542
09:00:856987,-0.23561004638671876,0.0748443603515625,-0.5529501342773437,0.0,-0.022900763358778626,0.007633587786259542
09:02:076997,-0.2149530029296875,-0.094603271484375,-0.6547384643554688,0.0,0.007633587786259542,0.0
09:02:201934,-0.9630972290039063,-1.1517050170898437,0.508941650390625,0.030534351145038167,0.0,0.3282442748091603
09:02:341932,-1.5540682983398437,0.51732421875,0.286204833984375,0.6412213740458015,-0.366412213740458,0.29770992366412213
09:02:477019,1.618733825683594,1.8920654296875001,-2.1549188232421876,-0.5343511450381679,0.0916030534351145,-0.03816793893129771
09:02:606889,2.3845413208007815,2.3201751708984375,-2.0336709594726563,-0.38167938931297707,0.366412213740458,0.7099236641221374
09:02:742011,-1.0948233032226562,4.494852905273437,-4.001778259277344,-0.9541984732824427,1.2290076335877862,2.259541984732824
09:02:876983,-2.6240432739257815,1.4076727294921876,-1.9082318115234376,-0.9312977099236641,0.8167938931297709,1.198473282442748
09:03:017115,1.7869839477539062,-1.9609222412109375,-0.056282958984375006,-0.12213740458015267,0.09923664122137404,-0.38167938931297707
09:03:147016,-0.05598358154296875,0.8505313110351563,-1.653760986328125,0.732824427480916,-0.9465648854961831,-1.2748091603053435
09:03:281947,-2.190245361328125,3.926335144042969,-2.240241394042969,0.2900763358778626,-1.0534351145038168,-1.5114503816793892
09:03:416919,1.6899856567382814,3.976331176757813,-1.8453625488281251,-0.4427480916030534,-0.7175572519083969,-0.8702290076335878
09:03:557015,4.087699584960938,1.1921209716796877,-2.326462097167969,-0.2900763358778626,0.23664122137404578,0.5572519083969465
09:03:731953,1.503772888183594,3.3673974609375,-3.1192135620117187,0.5343511450381679,0.8625954198473282,1.4427480916030533
09:03:917058,-4.111051025390625,2.818638610839844,-1.6160394287109376,-0.9618320610687022,1.0534351145038168,1.9083969465648853
09:04:046961,1.6558566284179688,-1.4157559204101564,-1.120869140625,-0.05343511450381679,0.015267175572519083,-0.3893129770992366
09:04:187054,0.338895263671875,2.7901977539062504,-1.2597802734375,1.0534351145038168,-0.7022900763358778,-0.7251908396946565
09:04:322052,0.33021331787109376,3.7808377075195314,0.4547543334960938,0.05343511450381679,-0.648854961832061,-0.8625954198473282
09:04:457070,3.288062438964844,1.768422546386719,-1.5849041748046875,0.16793893129770993,-0.4351145038167939,-0.4809160305343511
09:04:632022,2.1612057495117187,0.13651611328125002,-0.26914031982421877,-0.1984732824427481,-0.07633587786259542,0.34351145038167935
09:04:772105,0.33829650878906253,2.4270529174804687,0.5739065551757813,-0.2213740458015267,-0.04580152671755725,0.8015267175572519
09:04:902040,-0.21644989013671875,1.2771441650390625,0.4589456176757813,-0.3282442748091603,0.26717557251908397,0.23664122137404578
09:05:042135,-0.21644989013671875,1.2771441650390625,0.4589456176757813,-0.3282442748091603,0.26717557251908397,0.23664122137404578
09:05:177096,0.6712042236328125,1.0193801879882813,0.23800506591796877,0.06870229007633588,-0.13740458015267176,-0.030534351145038167
09:05:312122,0.6712042236328125,1.0193801879882813,0.23800506591796877,0.06870229007633588,-0.13740458015267176,-0.030534351145038167
09:05:487059,0.7235952758789063,1.150806884765625,0.6415658569335938,-0.13740458015267176,-0.1984732824427481,-0.0916030534351145
09:05:627243,0.7972421264648438,0.75922119140625,0.3945794677734375,0.05343511450381679,-0.03816793893129771,0.12213740458015267
09:05:762168,0.7972421264648438,0.75922119140625,0.3945794677734375,0.05343511450381679,-0.03816793893129771,0.12213740458015267
09:05:942186,0.11645782470703125,1.2184661865234376,1.0346484375,-0.11450381679389313,0.21374045801526717,-0.04580152671755725
09:06:122175,0.360450439453125,0.42272094726562504,0.51732421875,-0.04580152671755725,-0.2900763358778626,0.05343511450381679
09:06:257211,-0.6673123168945313,-0.8819659423828126,0.183218994140625,0.648854961832061,-0.37404580152671757,-0.5725190839694656
09:06:387146,-2.211501159667969,1.2061917114257814,1.4876065063476562,0.41221374045801523,-0.282442748091603,-1.732824427480916
09:06:572248,3.53744384765625,1.474134521484375,0.5801934814453126,-0.16793893129770993,0.0916030534351145,-0.22900763358778625
09:06:702172,2.4794439697265624,1.477427673339844,-0.40116577148437504,-0.15267175572519084,0.42748091603053434,1.0916030534351144
09:06:887260,-3.5137930297851563,2.9794042968750003,-2.109712829589844,-0.6259541984732824,1.3893129770992365,2.0534351145038165
09:07:067237,-2.0612136840820314,-2.3770568847656253,-1.761536865234375,-0.7022900763358778,0.7404580152671756,-0.15267175572519084
09:07:202265,-1.618733825683594,-0.02065704345703125,-1.7019607543945314,1.0305343511450382,-1.015267175572519,-0.9007633587786259
09:07:377198,-3.406915283203125,2.4135809326171875,-0.8996292114257813,0.6106870229007634,-0.8778625954198473,-1.6717557251908397
09:07:517293,3.690126342773438,2.7027795410156252,-0.6634204101562501,-0.3893129770992366,-0.37404580152671757,-0.5954198473282443
09:07:647220,3.143463134765625,0.22243743896484375,-0.6676116943359376,-0.16030534351145037,0.183206106870229,0.8167938931297709
09:07:787325,0.7882608032226562,2.2088067626953127,-2.3210733032226565,0.5343511450381679,0.9694656488549618,1.465648854961832
09:07:917259,-5.445675659179688,2.2207818603515626,-1.4846127319335938,-0.7938931297709924,1.1526717557251909,1.5190839694656488
09:08:102357,-0.06586303710937501,-2.421065368652344,-0.9370513916015626,0.16793893129770993,-0.20610687022900762,-0.5954198473282443
09:08:237806,-1.5310162353515626,2.355202331542969,-1.751956787109375,0.9465648854961831,-0.9007633587786259,-0.5954198473282443
09:08:417403,-0.396375732421875,2.8072622680664066,-0.20836669921875,-0.015267175572519083,-1.1068702290076335,-0.7099236641221374
09:08:552386,2.5803341674804687,0.23321502685546877,-0.5727090454101563,-0.35877862595419846,-0.21374045801526717,-0.08396946564885496
09:08:687408,1.4843133544921876,-0.72090087890625,0.02484832763671875,-0.04580152671755725,0.1450381679389313,0.564885496183206
09:08:822421,-0.08322692871093751,1.9624191284179688,1.3669573974609375,-0.29770992366412213,0.25190839694656486,0.8244274809160305
09:08:957412,-0.63947021484375,1.6408877563476563,0.8400531005859375,-0.47328244274809156,0.24427480916030533,0.549618320610687
09:09:092460,0.22094055175781252,0.4044589233398438,0.15896942138671877,-0.08396946564885496,0.05343511450381679,-0.007633587786259542
09:09:227434,0.44846740722656253,0.9433383178710938,0.6735992431640625,0.09923664122137404,-0.1450381679389313,-0.07633587786259542
09:09:407497,0.2724334716796875,1.2995974731445312,1.242715759277344,0.07633587786259542,-0.07633587786259542,-0.2595419847328244
09:09:542435,0.8655001831054688,0.8996292114257813,0.8660989379882813,-0.007633587786259542,-0.1450381679389313,-0.21374045801526717
09:09:722505,0.652642822265625,0.5248086547851563,0.8879534912109376,0.007633587786259542,0.015267175572519083,0.22900763358778625
09:09:857466,0.39787261962890624,1.0618917846679687,1.0924282836914063,0.0,0.0,0.20610687022900762
09:10:037498,0.1047821044921875,1.2079879760742187,1.3474978637695314,-0.16793893129770993,0.10687022900763359,-0.0916030534351145
09:10:172495,0.2347119140625,-0.0868194580078125,0.4302053833007813,0.12213740458015267,-0.32061068702290074,0.0916030534351145
09:10:307516,0.2347119140625,-0.0868194580078125,0.4302053833007813,0.12213740458015267,-0.32061068702290074,0.0916030534351145
09:10:437443,-2.5599765014648437,0.47900390625,1.6109500122070313,0.46564885496183206,-0.35877862595419846,-1.7404580152671756
09:10:577553,-2.5599765014648437,0.47900390625,1.6109500122070313,0.46564885496183206,-0.35877862595419846,-1.7404580152671756
09:10:712617,3.605701904296875,1.0654843139648438,-0.4358935546875,-0.19083969465648853,0.35877862595419846,0.3511450381679389
09:10:847580,3.605701904296875,1.0654843139648438,-0.4358935546875,-0.19083969465648853,0.35877862595419846,0.3511450381679389
09:10:982593,-5.013374633789063,3.100951538085938,-0.7942483520507813,-0.648854961832061,1.0305343511450382,1.9618320610687021
09:11:112483,-5.013374633789063,3.100951538085938,-0.7942483520507813,-0.648854961832061,1.0305343511450382,1.9618320610687021
09:11:252583,-0.2604583740234375,-1.1789483642578125,-1.4127621459960937,0.6183206106870229,-0.46564885496183206,-0.7099236641221374
09:11:387577,-3.2910562133789063,1.3489947509765625,-0.9463320922851562,0.9847328244274809,-0.8015267175572519,-1.1221374045801527
09:11:567669,-1.2711566162109376,2.767445068359375,-0.047601013183593756,0.09923664122137404,-0.9694656488549618,-1.534351145038168
09:11:702639,4.173920288085938,1.1247610473632812,-1.0277627563476563,-0.10687022900763359,0.07633587786259542,0.16793893129770993
09:11:832550,2.3507116699218753,1.0056088256835938,-1.1268566894531251,0.23664122137404578,0.7022900763358778,1.198473282442748
09:12:017640,-4.513114929199219,2.9889843750000002,-1.3813275146484376,-0.9236641221374046,1.4045801526717556,1.8549618320610686
09:12:147569,-0.7238946533203126,-1.5531701660156252,-1.7702188110351564,-0.5114503816793893,0.35877862595419846,0.11450381679389313
09:12:287670,0.17034576416015626,-1.0954220581054688,-1.4879058837890626,0.732824427480916,-0.564885496183206,-0.5725190839694656
09:12:417597,-2.5845254516601566,1.8390756225585938,-1.4397061157226563,0.8854961832061068,-0.8244274809160305,-1.015267175572519
09:12:557657,-0.6056405639648438,2.5680596923828127,0.2245330810546875,0.030534351145038167,-0.9083969465648855,-0.7099236641221374
09:12:732601,2.710862731933594,-0.09580078125000001,-0.7301815795898438,-0.4351145038167939,-0.183206106870229,0.23664122137404578
09:12:872691,0.9610015869140626,-0.5637277221679687,-0.17034576416015626,-0.08396946564885496,0.2748091603053435,0.8244274809160305
09:13:007678,-0.8927435302734376,2.132465515136719,1.81302978515625,-0.42748091603053434,0.20610687022900762,0.9312977099236641
09:13:142779,-0.408350830078125,0.9735754394531251,0.34368530273437503,-0.5114503816793893,0.21374045801526717,0.3511450381679389
09:13:322821,0.24578887939453126,0.26914031982421877,0.056282958984375006,-0.09923664122137404,-0.04580152671755725,-0.030534351145038167
09:13:457820,0.24159759521484375,1.1930191040039062,1.2463082885742187,0.1984732824427481,-0.08396946564885496,-0.19083969465648853
09:13:587831,0.7035369873046875,1.0882369995117187,1.1085946655273438,0.04580152671755725,-0.13740458015267176,-0.25190839694656486
09:13:722692,0.6951544189453125,0.8484356689453125,0.7714956665039063,-0.015267175572519083,0.04580152671755725,0.03816793893129771
09:13:907791,0.5023553466796875,0.6945556640625,0.9023236083984375,0.007633587786259542,-0.030534351145038167,0.25190839694656486
09:14:042776,0.6604266357421875,1.3672567749023439,1.2373269653320313,-0.05343511450381679,-0.1297709923664122,0.25190839694656486
09:14:267811,0.20327728271484377,1.0065069580078125,0.9460327148437501,-0.22900763358778625,0.04580152671755725,-0.061068702290076333
09:14:402809,0.4197271728515625,-0.532891845703125,0.2963836669921875,0.4351145038167939,-0.366412213740458,0.007633587786259542
09:14:537815,-1.8720071411132813,-0.44158172607421875,1.1160791015625,0.5114503816793893,-0.5877862595419847,-1.2519083969465647
09:14:717831,-1.2986993408203125,2.1824615478515628,1.1481124877929687,-0.05343511450381679,-0.3511450381679389,-1.9236641221374045
09:14:852829,3.6116894531250003,1.0322534179687501,-0.4140390014648438,-0.06870229007633588,0.366412213740458,0.19083969465648853
09:14:987854,1.864522705078125,1.3864169311523438,-1.0747650146484375,-0.1297709923664122,0.916030534351145,1.1450381679389312
09:15:117782,-4.361031188964844,2.9294082641601564,-2.3375390625000003,-1.129770992366412,1.3893129770992365,1.580152671755725
09:15:302896,-2.19144287109375,-1.9007473754882813,-2.241438903808594,-0.7786259541984732,0.7175572519083969,0.32061068702290074
09:15:437890,-0.8161029052734375,-0.9607022094726563,-1.4435980224609375,0.8931297709923663,-0.8473282442748091,-0.7022900763358778
09:15:572925,-0.8161029052734375,-0.9607022094726563,-1.4435980224609375,0.8931297709923663,-0.8473282442748091,-0.7022900763358778
09:15:707923,-0.6583309936523438,2.797981567382813,-0.5523513793945313,0.1450381679389313,-1.1603053435114503,-1.3587786259541985
09:15:842952,-0.6583309936523438,2.797981567382813,-0.5523513793945313,0.1450381679389313,-1.1603053435114503,-1.3587786259541985
09:16:022946,2.8162435913085937,0.437091064453125,-0.8481362915039063,0.04580152671755725,0.6106870229007634,1.0
09:16:157930,-4.725972290039063,3.011737060546875,-1.5747253417968752,-0.9770992366412213,1.4274809160305344,1.7862595419847327
09:16:287867,-2.351609802246094,-1.6420852661132814,-2.2399420166015624,-0.6106870229007634,0.7175572519083969,0.5419847328244275
09:16:427966,-0.07933502197265625,-1.9666104125976565,-1.1472143554687502,0.4809160305343511,-0.47328244274809156,-0.6183206106870229
09:16:562955,-2.006427612304688,2.2848486328125,-0.9370513916015626,0.6946564885496183,-0.7938931297709924,-0.83206106870229
09:16:697996,-0.43918670654296876,2.66086669921875,-0.41613464355468754,0.06870229007633588,-1.16793893129771,-0.6183206106870229
09:16:827926,2.884801025390625,0.4781057739257813,-1.0065069580078125,-0.47328244274809156,-0.37404580152671757,-0.20610687022900762
09:16:968024,1.7812957763671875,-0.779578857421875,0.2520758056640625,-0.1984732824427481,0.0916030534351145,0.5114503816793893
09:17:148020,-0.0676593017578125,1.2421170043945313,0.9840536499023438,-0.3053435114503817,0.25190839694656486,0.8854961832061068
09:17:283041,-0.47660888671875,1.4208453369140626,0.4340972900390625,-0.5801526717557252,0.3511450381679389,0.33587786259541985
09:17:412973,0.35595977783203125,0.2125579833984375,0.058677978515625,-0.16030534351145037,0.06870229007633588,-0.03816793893129771
09:17:553068,0.4206253051757813,0.6460565185546875,0.6912625122070313,0.12213740458015267,-0.12213740458015267,-0.17557251908396945
09:17:733138,0.3769161987304688,1.3118719482421877,1.249002685546875,0.12213740458015267,-0.061068702290076333,-0.2213740458015267
09:17:868556,0.767603759765625,0.8834628295898438,0.8684939575195313,-0.022900763358778626,-0.061068702290076333,-0.11450381679389313
09:18:003108,0.56282958984375,0.6343807983398437,0.887354736328125,-0.05343511450381679,-0.007633587786259542,0.2213740458015267
09:18:138123,0.4451742553710938,1.0313552856445314,0.8882528686523438,-0.04580152671755725,0.015267175572519083,0.26717557251908397
09:18:318128,0.1502874755859375,1.3283377075195313,1.34360595703125,-0.1450381679389313,0.11450381679389313,0.0
09:18:453154,0.31763946533203125,0.4559518432617188,0.6616241455078126,-0.13740458015267176,-0.21374045801526717,-0.03816793893129771
09:18:583147,0.49517028808593755,0.06945556640625,0.9199868774414063,0.22900763358778625,-0.16793893129770993,-0.03816793893129771
09:18:723261,-0.5843847656250001,-0.35895355224609377,0.6077362060546875,0.42748091603053434,-0.25190839694656486,-0.6259541984732824
09:18:898141,-1.9151174926757812,0.08292755126953126,1.2433145141601563,0.5954198473282443,-0.3129770992366412,-1.6793893129770991
09:19:038204,3.440445556640625,1.2852273559570313,0.046702880859375004,-0.34351145038167935,0.3129770992366412,-0.15267175572519084
09:19:263242,3.0132339477539065,2.098935241699219,-0.5849835205078125,0.1984732824427481,0.7557251908396946,1.3740458015267174
09:19:398250,-3.677253112792969,0.08831634521484376,-1.5175442504882812,-0.8931297709923663,0.5267175572519084,0.7786259541984732
09:19:533234,-0.4385879516601563,-1.9618203735351563,-1.1978091430664064,0.2748091603053435,-0.38167938931297707,-0.5190839694656488
09:19:668272,-2.5246499633789066,0.06316864013671876,-1.5837066650390625,1.083969465648855,-1.045801526717557,-1.0763358778625953
09:19:848264,-1.0265652465820314,2.49800537109375,-0.35625915527343754,0.20610687022900762,-1.0763358778625953,-1.1755725190839694
09:19:983336,4.504432983398438,1.213077392578125,-2.0166064453125,-0.34351145038167935,-0.21374045801526717,-0.12213740458015267
09:20:118798,3.164419555664063,0.2616558837890625,-0.37601806640625,0.13740458015267176,0.6717557251908397,0.9083969465648855
09:20:253329,-3.8981936645507815,2.901566162109375,-2.063009948730469,-0.5114503816793893,1.1603053435114503,1.9389312977099236
09:20:433346,-3.8981936645507815,2.901566162109375,-2.063009948730469,-0.5114503816793893,1.1603053435114503,1.9389312977099236
09:20:568379,-3.8981936645507815,2.901566162109375,-2.063009948730469,-0.5114503816793893,1.1603053435114503,1.9389312977099236
09:20:698293,-1.9510427856445314,1.3939013671875,-1.5393988037109376,0.8091603053435115,-0.916030534351145,-0.9541984732824427
09:20:928393,-1.9510427856445314,1.3939013671875,-1.5393988037109376,0.8091603053435115,-0.916030534351145,-0.9541984732824427
09:21:058320,2.398312683105469,-1.1801458740234376,-0.7798782348632813,-0.5114503816793893,-0.1297709923664122,0.2900763358778626
09:21:243447,0.6233038330078126,0.20657043457031252,0.37781433105468754,-0.007633587786259542,0.33587786259541985,0.9083969465648855
09:21:463373,-1.02267333984375,2.694696350097656,0.9418414306640626,-0.9083969465648855,0.4351145038167939,0.8167938931297709
09:21:603467,0.3691323852539063,0.5634283447265626,-0.1526824951171875,0.030534351145038167,-0.007633587786259542,-0.061068702290076333
09:21:783468,0.39248382568359375,1.093326416015625,1.041534118652344,0.3053435114503817,0.030534351145038167,-0.3053435114503817
09:21:963490,0.7574249267578126,1.2361294555664064,1.1906240844726563,0.022900763358778626,-0.1450381679389313,-0.26717557251908397
09:22:093419,0.7182064819335938,0.7080276489257813,0.8987310791015626,-0.11450381679389313,-0.13740458015267176,0.09923664122137404
09:22:233528,0.7116201782226563,0.7128176879882813,0.705333251953125,-0.03816793893129771,-0.05343511450381679,0.20610687022900762
09:22:363448,0.5918692016601563,1.313668212890625,1.5947836303710938,-0.12213740458015267,-0.007633587786259542,0.11450381679389313
09:22:548593,0.3200344848632813,0.40266265869140627,0.9496252441406251,-0.1297709923664122,-0.06870229007633588,-0.13740458015267176
09:22:683553,0.40625518798828125,-0.028740234375,0.5260061645507813,0.183206106870229,-0.1984732824427481,-0.030534351145038167
09:22:818569,-0.36164794921875004,-1.152902526855469,0.3418890380859375,0.8625954198473282,-0.5190839694656488,-0.42748091603053434
09:22:953560,-2.9297076416015626,0.5170248413085938,1.3651611328125002,0.6870229007633587,-0.48854961832061067,-1.8931297709923662
09:23:133595,0.8666976928710938,2.4348367309570316,1.4588662719726564,-0.0916030534351145,-0.26717557251908397,-1.2290076335877862
09:23:268514,3.181484069824219,1.5654446411132814,-0.055085449218750006,-0.5114503816793893,0.35877862595419846,0.7862595419847328
09:23:403533,-0.7283853149414062,2.7300228881835937,-1.6169375610351564,-0.648854961832061,0.916030534351145,1.9312977099236641
09:23:538535,-5.389991455078126,1.4103671264648439,-1.7010626220703127,-0.8625954198473282,0.04580152671755725,1.66412213740458
09:23:719109,-0.15537689208984376,-2.0309765625000002,-1.32444580078125,0.2900763358778626,-0.16030534351145037,-0.6106870229007634
09:23:848508,-2.5773403930664065,0.41164398193359375,-1.7657281494140626,1.1450381679389312,-0.7938931297709924,-1.4351145038167938
09:24:033601,-3.3015344238281252,2.7327172851562502,0.1323248291015625,0.4427480916030534,-0.6412213740458015,-1.8854961832061068
09:24:208541,4.50982177734375,1.8648220825195314,-1.3118719482421877,-0.16030534351145037,0.007633587786259542,0.12213740458015267
09:24:348627,2.4614813232421877,0.5295986938476562,-0.6727011108398437,0.16030534351145037,0.37404580152671757,1.2442748091603053
09:24:478552,-3.1114297485351563,2.800975341796875,-0.9382489013671875,-0.9541984732824427,1.3358778625954197,2.0534351145038165
09:24:618653,-4.050576782226563,0.2149530029296875,-1.7151333618164064,-0.8015267175572519,0.4961832061068702,1.114503816793893
09:24:753646,0.23022125244140626,-1.5106585693359376,-1.3858181762695314,-0.1297709923664122,0.13740458015267176,-0.29770992366412213
09:24:888674,-0.8247848510742188,-0.18770965576171875,-1.7465679931640625,1.015267175572519,-0.6564885496183206,-1.0610687022900762
09:25:018605,-3.0898745727539065,2.43573486328125,-0.40116577148437504,1.083969465648855,-0.8854961832061068,-1.1374045801526718
09:25:203697,0.6301895141601562,2.6836193847656253,0.465831298828125,-0.11450381679389313,-0.8854961832061068,-0.3053435114503817
09:25:338678,2.641407165527344,-1.302591247558594,-1.5744259643554688,-0.3282442748091603,0.022900763358778626,0.6335877862595419
09:25:518720,0.568817138671875,0.40894958496093753,0.046702880859375004,0.29770992366412213,0.3893129770992366,1.1908396946564885
09:25:653720,-1.5361056518554688,2.664459228515625,1.36037109375,-0.5419847328244275,0.5725190839694656,0.9770992366412213
09:25:788749,0.4167333984375,0.015867004394531252,-0.34667907714843754,-0.022900763358778626,0.2213740458015267,-0.022900763358778626
09:25:923734,0.4167333984375,0.015867004394531252,-0.34667907714843754,-0.022900763358778626,0.2213740458015267,-0.022900763358778626
09:26:058766,0.6996450805664063,1.8845809936523439,1.0541079711914063,0.22900763358778625,-0.0916030534351145,-0.4580152671755725
09:26:188708,0.6996450805664063,1.8845809936523439,1.0541079711914063,0.22900763358778625,-0.0916030534351145,-0.4580152671755725
09:26:328804,0.9250762939453125,0.6481521606445313,0.6679110717773438,-0.16793893129770993,-0.10687022900763359,0.0916030534351145
09:26:463786,0.8304730224609376,0.7747888183593751,0.5514532470703125,-0.03816793893129771,-0.007633587786259542,0.19083969465648853
09:26:598824,0.3945794677734375,1.1481124877929687,1.4001882934570313,-0.05343511450381679,0.05343511450381679,0.03816793893129771
09:26:778815,0.35595977783203125,0.7442523193359375,0.7744894409179688,-0.1297709923664122,0.022900763358778626,-0.23664122137404578
09:26:913825,0.5373825073242188,-0.3457809448242188,0.4101470947265625,0.3053435114503817,-0.26717557251908397,-0.030534351145038167
09:27:043753,-0.4293072509765625,-1.2900173950195313,0.6017486572265626,0.8778625954198473,-0.4351145038167939,-0.5572519083969465
09:27:183860,-2.1824615478515628,1.4343173217773437,1.2735516357421877,0.41221374045801523,-0.25190839694656486,-1.6793893129770991
09:27:358788,2.3857388305664062,1.718426513671875,0.5451663208007813,0.35877862595419846,-0.2900763358778626,-0.38167938931297707
09:27:498879,2.538421325683594,0.6954537963867188,-0.08861572265625,0.2595419847328244,0.6412213740458015,1.0305343511450382
09:27:633953,-4.438270568847656,2.865341491699219,-2.2306613159179687,-0.9770992366412213,1.282442748091603,1.7022900763358777
09:27:768918,-2.1019290161132815,-1.2091854858398439,-1.5744259643554688,-0.6412213740458015,0.40458015267175573,0.4580152671755725
09:27:948911,-0.25147705078125,-1.6360977172851563,-1.041534118652344,0.4961832061068702,-0.3893129770992366,-0.3893129770992366
09:28:083949,-3.6083963012695315,1.2118798828125001,-0.8708889770507813,0.7709923664122137,-0.9312977099236641,-1.4427480916030533
09:28:218965,-0.42571472167968755,2.7159521484375,-0.07454498291015625,0.3129770992366412,-1.213740458015267,-1.0763358778625953
09:28:353968,4.783153381347656,1.1091934204101563,-2.2399420166015624,-0.42748091603053434,0.21374045801526717,-0.007633587786259542
09:28:533976,1.1130853271484376,1.9854711914062502,-0.690963134765625,0.061068702290076333,0.6793893129770993,1.4885496183206106
09:28:668962,-5.226531372070313,3.1931597900390627,-2.0184027099609376,-1.3053435114503815,1.2900763358778626,1.7862595419847327
09:28:803968,-0.9583071899414063,-1.2316387939453126,-1.9417620849609376,-0.6717557251908397,0.2213740458015267,0.17557251908396945
09:28:983999,0.3975732421875,-1.047821044921875,-1.689686279296875,0.6946564885496183,-0.366412213740458,-0.6030534351145038
09:29:114412,-2.8303143310546877,2.5036935424804687,-0.3906875610351563,1.0381679389312977,-0.6870229007633587,-1.083969465648855
09:29:254043,0.6182144165039063,2.6264382934570314,0.41164398193359375,-0.34351145038167935,-0.9923664122137404,-0.6335877862595419
09:29:383985,3.1452593994140625,0.0628692626953125,-1.201102294921875,-0.7557251908396946,-0.17557251908396945,-0.05343511450381679
09:29:524074,1.0888357543945313,-0.3119512939453125,-0.38769378662109377,0.07633587786259542,0.1450381679389313,1.0916030534351144
09:29:659154,1.0888357543945313,-0.3119512939453125,-0.38769378662109377,0.07633587786259542,0.1450381679389313,1.0916030534351144
09:29:794116,-0.6277944946289062,1.37953125,0.6966513061523438,-0.5572519083969465,0.3969465648854962,0.564885496183206
09:29:929107,0.25926086425781253,0.6550378417968751,-0.09340576171875001,-0.061068702290076333,0.007633587786259542,-0.030534351145038167
09:30:064109,0.585582275390625,0.8397537231445313,0.7933502197265625,0.23664122137404578,-0.2213740458015267,-0.26717557251908397
09:30:244143,0.641865234375,1.7369879150390626,1.4729370117187501,0.16793893129770993,0.0,-0.4580152671755725
09:30:469132,1.1091934204101563,0.9445358276367188,1.0831475830078126,-0.015267175572519083,-0.09923664122137404,-0.1984732824427481
09:30:604218,0.7747888183593751,1.0463241577148439,0.8475375366210938,-0.09923664122137404,0.015267175572519083,0.3129770992366412
09:30:739146,0.7747888183593751,1.0463241577148439,0.8475375366210938,-0.09923664122137404,0.015267175572519083,0.3129770992366412
09:30:874171,0.36673736572265625,0.6571334838867188,0.8891510009765625,-0.22900763358778625,0.06870229007633588,-0.08396946564885496
09:31:054185,0.36673736572265625,0.6571334838867188,0.8891510009765625,-0.22900763358778625,0.06870229007633588,-0.08396946564885496
09:31:189204,0.36673736572265625,0.6571334838867188,0.8891510009765625,-0.22900763358778625,0.06870229007633588,-0.08396946564885496
09:31:324202,-1.881287841796875,1.2166699218750001,2.3079006958007815,0.5038167938931297,-0.17557251908396945,-1.6946564885496183
09:31:459237,-1.881287841796875,1.2166699218750001,2.3079006958007815,0.5038167938931297,-0.17557251908396945,-1.6946564885496183
09:31:639245,2.864143981933594,0.4939727783203125,-0.20597167968750002,-0.1984732824427481,0.6030534351145038,0.6717557251908397
09:31:774246,-3.4682876586914064,3.0802944946289066,-1.325643310546875,-1.0916030534351144,1.099236641221374,1.7862595419847327
09:31:909268,-3.157533874511719,-0.07334747314453126,-2.190245361328125,-0.7786259541984732,0.41221374045801523,0.83206106870229
09:32:044273,-0.09430389404296875,-1.88967041015625,-1.1023077392578124,0.2900763358778626,-0.10687022900763359,-0.45038167938931295
09:32:179279,-2.6467959594726564,-0.0532891845703125,-1.768721923828125,1.1603053435114503,-0.9847328244274809,-1.4732824427480915
09:32:309229,-2.6866131591796876,2.58422607421875,-0.7613168334960938,0.41221374045801523,-0.83206106870229,-1.5419847328244274
09:32:449319,1.65495849609375,2.89078857421875,-0.018860778808593753,-0.366412213740458,-0.9236641221374046,-1.1450381679389312
09:32:584311,4.027225341796875,1.3849200439453127,-1.6911831665039063,0.015267175572519083,0.12213740458015267,0.5725190839694656
09:32:719343,1.5223342895507814,0.99872314453125,-0.6352789306640625,0.5877862595419847,0.5343511450381679,1.297709923664122
09:32:894272,-5.038222961425782,2.4533981323242187,-0.238304443359375,-1.1832061068702289,0.3282442748091603,1.5190839694656488
09:33:034362,-0.9565109252929688,-0.7646099853515625,-2.0543280029296875,-0.6717557251908397,0.17557251908396945,0.34351145038167935
09:33:169362,0.6634204101562501,-1.0301577758789062,-1.48251708984375,0.6717557251908397,-0.0916030534351145,-0.6717557251908397
09:33:299339,-2.3070025634765625,2.326462097167969,-1.9237994384765627,0.3282442748091603,-0.32061068702290074,-1.5572519083969465
09:33:439401,-1.2780422973632812,2.6734405517578126,1.7594412231445313,0.3893129770992366,-0.5801526717557252,-0.9236641221374046
09:33:574468,2.049537963867188,1.8926641845703125,-0.2517764282226563,-0.5267175572519084,-0.7786259541984732,-0.6793893129770993
09:33:709419,2.7599606323242187,0.05718109130859375,-0.4314028930664063,-0.09923664122137404,0.061068702290076333,0.549618320610687
09:33:844457,-0.710123291015625,1.5175442504882812,1.5361056518554688,-0.23664122137404578,0.061068702290076333,1.4732824427480915
09:34:024420,-0.8669970703125001,1.5067666625976563,0.8232879638671875,-0.732824427480916,0.2213740458015267,1.015267175572519
09:34:159464,0.36793487548828124,0.7247927856445313,0.09849517822265626,-0.19083969465648853,0.1450381679389313,0.06870229007633588
09:34:294494,0.5418731689453126,0.7631130981445313,0.6170169067382812,0.16030534351145037,-0.061068702290076333,-0.08396946564885496
09:34:424404,0.3673361206054688,1.1466156005859376,1.2484039306640626,0.21374045801526717,-0.07633587786259542,-0.3053435114503817
09:34:609510,0.7289840698242188,0.9828561401367188,0.99393310546875,0.07633587786259542,-0.05343511450381679,-0.3511450381679389
09:34:744507,0.6849755859375001,0.6382727050781251,1.0747650146484375,-0.015267175572519083,-0.10687022900763359,0.10687022900763359
09:34:879539,0.4834945678710938,0.7206015014648438,0.88855224609375,0.0,-0.12213740458015267,0.26717557251908397
09:35:014529,0.45295806884765627,1.1088940429687502,1.7543518066406252,-0.07633587786259542,-0.03816793893129771,0.11450381679389313
09:35:149557,0.2520758056640625,0.7044351196289063,1.1127859497070314,-0.19083969465648853,0.05343511450381679,-0.08396946564885496
09:35:279504,0.35476226806640626,0.15657440185546875,0.5272036743164062,0.007633587786259542,-0.1984732824427481,-0.04580152671755725
09:35:419589,0.17453704833984376,-0.6774911499023438,0.26105712890625,1.0076335877862594,-0.38167938931297707,-0.03816793893129771
09:35:554588,-2.1070184326171875,-0.6831793212890626,1.5561639404296876,0.38167938931297707,-0.20610687022900762,-1.5114503816793892
09:35:689698,-0.0892144775390625,1.407073974609375,2.1354592895507816,-0.41221374045801523,0.17557251908396945,-1.450381679389313
09:35:824606,-0.0892144775390625,1.407073974609375,2.1354592895507816,-0.41221374045801523,0.17557251908396945,-1.450381679389313
09:35:959632,2.2842498779296876,1.2714559936523437,-0.44068359375000005,0.022900763358778626,0.40458015267175573,1.083969465648855
09:36:094624,2.2842498779296876,1.2714559936523437,-0.44068359375000005,0.022900763358778626,0.40458015267175573,1.083969465648855
09:36:229689,-2.2971231079101564,-0.7361691284179688,-1.996248779296875,-0.7633587786259541,0.06870229007633588,0.6106870229007634
09:36:404592,-0.1431024169921875,-1.098116455078125,-1.618733825683594,0.8702290076335878,-0.29770992366412213,-0.6030534351145038
09:36:589697,-0.1431024169921875,-1.098116455078125,-1.618733825683594,0.8702290076335878,-0.29770992366412213,-0.6030534351145038
09:36:724688,0.8313711547851563,2.962339782714844,0.11106903076171876,0.4809160305343511,-0.8931297709923663,-0.7633587786259541
09:36:859728,4.283492431640625,1.3046868896484376,-1.069376220703125,-0.2213740458015267,0.0,0.3282442748091603
09:37:034661,1.6112493896484377,1.2579840087890626,-0.8328680419921876,-0.022900763358778626,0.5038167938931297,1.2519083969465647
09:37:169681,-5.165757751464844,2.1630020141601562,-1.1403286743164063,-1.2061068702290076,0.9694656488549618,1.4961832061068703
09:37:309788,-0.8750802612304688,-1.2870236206054688,-1.55197265625,-0.3969465648854962,0.21374045801526717,0.29770992366412213
09:37:439720,-0.006885681152343751,-1.1819421386718751,-1.4798226928710938,0.83206106870229,-0.46564885496183206,-0.7251908396946565
09:37:579776,-2.705174560546875,1.6696279907226563,-1.0361453247070314,0.9770992366412213,-0.41221374045801523,-1.083969465648855
09:37:709704,-0.9478289794921876,2.80456787109375,0.5960604858398438,0.48854961832061067,-0.8091603053435115,-0.9923664122137404
09:37:849813,2.8722271728515625,1.2915142822265626,-0.5840853881835938,-0.40458015267175573,-0.5267175572519084,-0.1984732824427481
09:37:979735,1.85135009765625,-0.37272491455078127,-0.37931121826171876,-0.21374045801526717,0.23664122137404578,0.7786259541984732
09:38:119838,-0.5906716918945313,1.2747491455078126,0.7083270263671876,-0.45038167938931295,0.4351145038167939,1.0687022900763359
09:38:254844,-1.3726455688476564,1.6962725830078127,0.8406518554687501,-0.7709923664122137,0.16793893129770993,0.8015267175572519
09:38:434881,0.429906005859375,0.214354248046875,-0.32901580810546877,-0.15267175572519084,0.030534351145038167,0.03816793893129771
09:38:564790,0.3691323852539063,0.6700067138671876,0.40266265869140627,0.282442748091603,-0.1297709923664122,-0.17557251908396945
09:38:705359,0.16016693115234376,1.4507830810546876,1.2969030761718752,0.2213740458015267,-0.1450381679389313,-0.3282442748091603
09:38:884960,0.7071295166015625,1.0080038452148439,1.0666818237304687,-0.030534351145038167,-0.24427480916030533,-0.2595419847328244
09:39:019989,0.8065228271484376,0.4942721557617188,0.7307803344726563,0.007633587786259542,0.015267175572519083,0.16030534351145037
09:39:154935,0.475411376953125,1.0927276611328125,0.9696835327148438,0.022900763358778626,0.022900763358778626,0.29770992366412213
09:39:289946,0.1251397705078125,1.747166748046875,1.4214440917968751,-0.3129770992366412,0.23664122137404578,0.17557251908396945
09:39:424924,0.24279510498046877,0.4843927001953125,0.5218148803710938,-0.20610687022900762,0.015267175572519083,-0.022900763358778626
09:39:605096,0.26225463867187504,-0.36134857177734375,0.2472857666015625,0.5801526717557252,-0.3893129770992366,-0.05343511450381679
09:39:734774,-1.787882080078125,-0.6583309936523438,0.38589752197265625,0.42748091603053434,-0.47328244274809156,-1.3129770992366412
09:39:920000,-1.07296875,2.0911514282226564,1.6295114135742188,0.10687022900763359,-0.19083969465648853,-1.7099236641221374
09:40:145014,3.5428326416015627,0.5508544921875,0.12903167724609377,-0.2213740458015267,0.40458015267175573,0.29770992366412213
09:40:235033,-4.161346435546875,3.091670837402344,-0.44307861328125003,-0.8396946564885496,0.9541984732824427,2.045801526717557
09:40:325025,-4.662504272460938,0.4604425048828125,-0.7107220458984376,-0.5954198473282443,0.35877862595419846,1.198473282442748
09:40:460042,-1.2034973144531251,-1.8842816162109377,-1.0924282836914063,-0.3053435114503817,0.41221374045801523,-0.2900763358778626
09:40:595046,-1.3992901611328126,-0.7259902954101562,-0.8313711547851563,0.7786259541984732,-0.6259541984732824,-0.9694656488549618
09:40:685069,-3.279979248046875,2.0713925170898437,-0.8669970703125001,0.916030534351145,-1.0305343511450382,-1.381679389312977
09:40:820035,-3.279979248046875,2.0713925170898437,-0.8669970703125001,0.916030534351145,-1.0305343511450382,-1.381679389312977
09:40:955557,2.89078857421875,2.113604736328125,-0.6634204101562501,-0.5114503816793893,-0.5954198473282443,-0.45038167938931295
09:41:090089,2.89078857421875,2.113604736328125,-0.6634204101562501,-0.5114503816793893,-0.5954198473282443,-0.45038167938931295
09:41:225138,0.6460565185546875,2.1513262939453126,-0.29488677978515626,0.22900763358778625,0.6183206106870229,1.1450381679389312
09:41:405126,0.6460565185546875,2.1513262939453126,-0.29488677978515626,0.22900763358778625,0.6183206106870229,1.1450381679389312
09:41:540159,-0.09969268798828125,-1.3630654907226563,-1.1870315551757813,-0.15267175572519084,0.183206106870229,-0.13740458015267176
09:41:675206,-0.70174072265625,-0.8433462524414063,-1.3684542846679688,0.7557251908396946,-0.48854961832061067,-1.0381679389312977
09:41:810181,-2.4779470825195316,2.938389587402344,0.6149212646484375,0.6564885496183206,-0.45038167938931295,-1.1755725190839694
09:41:945173,0.17962646484375,2.7096652221679687,0.5029541015625,0.46564885496183206,-0.9007633587786259,-0.4580152671755725
09:42:080200,2.7210415649414066,-0.0580792236328125,-0.968785400390625,-0.35877862595419846,0.007633587786259542,0.2595419847328244
09:42:210135,0.9514215087890625,-0.46223876953125004,0.12603790283203126,0.47328244274809156,0.32061068702290074,1.114503816793893
09:42:350247,-0.918489990234375,3.506907348632813,0.83107177734375,-0.48854961832061067,0.6641221374045801,1.366412213740458
09:42:525186,-0.35206787109375004,0.7574249267578126,0.25536895751953126,-0.38167938931297707,0.3969465648854962,0.4351145038167939
09:42:800328,0.6253994750976563,1.6747174072265625,1.1738589477539063,0.05343511450381679,-0.1984732824427481,-0.33587786259541985
09:42:890248,0.8975335693359375,1.2002041625976563,1.06578369140625,0.015267175572519083,-0.16793893129770993,-0.3129770992366412
09:43:025283,1.0370434570312501,1.011596374511719,0.6149212646484375,-0.022900763358778626,-0.0916030534351145,-0.16793893129770993
09:43:155216,0.8607101440429688,0.6550378417968751,1.0038125610351563,0.007633587786259542,0.030534351145038167,0.06870229007633588
09:43:295326,0.7541317749023438,1.09452392578125,0.8325686645507813,-0.015267175572519083,0.030534351145038167,0.23664122137404578
09:43:425242,0.587977294921875,1.2669653320312502,1.2319381713867188,-0.1297709923664122,0.0916030534351145,0.09923664122137404
09:43:520331,0.40206390380859375,0.9029223632812501,0.7948471069335938,-0.15267175572519084,0.10687022900763359,-0.06870229007633588
09:43:605266,0.44876678466796877,0.3242257690429688,0.6780899047851563,-0.06870229007633588,-0.12213740458015267,-0.07633587786259542
09:43:745362,0.40655456542968754,-0.11466156005859375,0.5709127807617188,0.41221374045801523,-0.3053435114503817,-0.10687022900763359
09:43:970387,-1.5564633178710938,-1.28133544921875,0.9406439208984375,0.5725190839694656,-0.4351145038167939,-1.2595419847328244
09:44:055819,-1.088536376953125,1.4432986450195313,1.901346130371094,-0.03816793893129771,-0.2213740458015267,-1.6030534351145038
09:44:150399,2.381547546386719,2.2255718994140627,-0.0622705078125,0.12213740458015267,-0.2595419847328244,-0.38167938931297707
09:44:280808,3.050057373046875,1.025068359375,-0.30835876464843753,0.07633587786259542,0.3893129770992366,0.8244274809160305
09:44:420436,0.2775228881835938,2.4144790649414065,-1.9043399047851564,-0.29770992366412213,1.1450381679389312,1.5572519083969465
09:44:505361,-5.26904296875,1.152902526855469,-0.6289920043945313,-0.8091603053435115,0.5267175572519084,1.648854961832061
09:44:600451,-2.6851162719726562,-1.9067349243164065,-1.6555572509765626,-0.6793893129770993,0.3969465648854962,0.46564885496183206
09:44:735434,0.06496490478515625,-2.1438418579101564,-1.02267333984375,0.41221374045801523,-0.282442748091603,-0.6030534351145038
09:44:870448,-2.3584954833984377,-0.762813720703125,-1.9372714233398438,0.9618320610687022,-0.8244274809160305,-1.3206106870229006
09:44:955859,-2.6069787597656253,2.3297552490234374,-0.377215576171875,0.41221374045801523,-0.5572519083969465,-1.4961832061068703
09:45:050476,-0.01107696533203125,3.0036538696289066,0.370030517578125,0.3129770992366412,-0.7786259541984732,-1.045801526717557
09:45:185480,3.7532949829101563,1.9288888549804688,-0.8113128662109376,-0.2213740458015267,-0.26717557251908397,0.08396946564885496
09:45:275516,3.0338909912109377,-0.04700225830078125,-0.8613088989257813,-0.05343511450381679,0.22900763358778625,0.9770992366412213
09:45:450541,1.281036071777344,0.9951306152343751,-1.155596923828125,0.2595419847328244,0.6183206106870229,1.2900763358778626
09:45:540545,-5.1678533935546875,2.425556030273438,-0.647852783203125,-0.8854961832061068,0.8702290076335878,1.4198473282442747
09:45:765584,-0.8843609619140625,-1.627116394042969,-1.8576370239257813,-0.5877862595419847,0.3129770992366412,0.15267175572519084
09:45:855581,-0.8843609619140625,-1.627116394042969,-1.8576370239257813,-0.5877862595419847,0.3129770992366412,0.15267175572519084
09:45:990510,-0.8843609619140625,-1.627116394042969,-1.8576370239257813,-0.5877862595419847,0.3129770992366412,0.15267175572519084
09:46:085593,0.21525238037109376,2.597398681640625,0.7756869506835938,-0.015267175572519083,-0.6183206106870229,-0.5572519083969465
09:46:220598,1.9040405273437502,1.811832275390625,0.061372375488281256,-0.183206106870229,-0.8167938931297709,0.022900763358778626
09:46:310640,1.9040405273437502,1.811832275390625,0.061372375488281256,-0.183206106870229,-0.8167938931297709,0.022900763358778626
09:46:440521,1.9040405273437502,1.811832275390625,0.061372375488281256,-0.183206106870229,-0.8167938931297709,0.022900763358778626
09:46:625640,-1.9833755493164062,1.9684066772460938,0.09550140380859376,-0.8396946564885496,0.8473282442748091,1.0534351145038168
09:46:710567,0.3065625,0.31674133300781254,-0.5816903686523438,-0.2748091603053435,0.33587786259541985,0.06870229007633588
09:46:805651,0.51492919921875,0.38559814453125,-0.28021728515625,0.17557251908396945,-0.12213740458015267,-0.16793893129770993
09:46:940646,0.28021728515625,1.3888119506835939,0.6005511474609375,0.5114503816793893,-0.26717557251908397,-0.549618320610687
09:47:165693,1.1792477416992189,1.586700439453125,1.2582833862304688,-0.061068702290076333,-0.4198473282442748,-0.5190839694656488
09:47:250622,1.5402969360351564,0.5589376831054688,0.17064514160156252,0.03816793893129771,-0.21374045801526717,0.21374045801526717
09:47:390749,1.2412188720703126,0.42242156982421875,0.4448748779296875,0.11450381679389313,0.03816793893129771,0.38167938931297707
09:47:525803,0.6511459350585938,2.1537213134765625,1.49209716796875,-0.16793893129770993,0.24427480916030533,0.549618320610687
09:47:655718,0.03682342529296875,1.452579345703125,1.234333190917969,-0.3969465648854962,0.25190839694656486,0.1450381679389313
09:47:795790,0.3170407104492188,0.1730401611328125,0.28530670166015626,-0.0916030534351145,-0.16030534351145037,-0.16793893129770993
09:47:886271,0.2939886474609375,-0.5107379150390625,0.0916094970703125,0.6412213740458015,-0.4809160305343511,-0.366412213740458
09:47:975782,-1.0265652465820314,-0.5260061645507813,0.6499484252929688,0.6946564885496183,-0.3893129770992366,-1.099236641221374
09:48:110786,-1.6627423095703127,1.6881893920898439,1.9423608398437502,0.38167938931297707,-0.1984732824427481,-1.6412213740458015
09:48:245783,1.3918057250976563,1.7163308715820313,1.2723541259765625,0.3129770992366412,-0.6030534351145038,-0.6870229007633587
09:48:330709,3.2623159790039065,0.5846841430664063,-0.9430389404296875,-0.35877862595419846,0.6030534351145038,0.20610687022900762
09:48:425797,2.7237359619140626,1.8196160888671875,-0.6385720825195312,0.20610687022900762,0.7022900763358778,1.099236641221374
09:48:555747,-4.120631103515625,3.1138247680664066,-1.0124945068359374,-0.8778625954198473,0.9847328244274809,1.7938931297709924
09:48:650818,-3.7856277465820316,0.11286529541015626,-1.5085629272460939,-0.9847328244274809,0.4580152671755725,0.8167938931297709
09:48:780772,-0.5715115356445313,-1.9809805297851564,-1.2301419067382813,-0.2900763358778626,0.3893129770992366,-0.17557251908396945
09:48:875860,-0.5397775268554688,-1.179547119140625,-1.1337423706054688,1.083969465648855,-0.7709923664122137,-0.732824427480916
09:49:005792,-2.421065368652344,0.9247769165039063,-2.133663024902344,1.1526717557251909,-0.7786259541984732,-1.2290076335877862
09:49:145889,-1.2124786376953125,2.5369244384765626,0.8170010375976563,0.47328244274809156,-0.83206106870229,-1.1755725190839694
09:49:235877,3.190166015625,2.5689578247070313,-1.28133544921875,-0.6641221374045801,-0.16793893129770993,-0.549618320610687
09:49:370920,3.742218017578125,1.1768527221679688,-0.7188052368164063,-0.06870229007633588,0.3053435114503817,0.5114503816793893
09:49:455843,0.40655456542968754,2.749183044433594,-0.8714877319335937,-0.8625954198473282,0.38167938931297707,1.5114503816793892
09:49:550938,-4.204456787109375,3.4661920166015627,-0.40894958496093753,-1.2290076335877862,0.7633587786259541,1.8473282442748091
09:49:775994,-3.0778994750976563,0.475411376953125,-0.9199868774414063,-0.8396946564885496,0.21374045801526717,0.9389312977099237
09:49:865967,0.24758514404296877,-0.8765771484375,-1.4663507080078126,0.83206106870229,-0.34351145038167935,-0.6641221374045801
09:49:950867,-1.3959970092773437,0.9223818969726563,-1.507664794921875,0.9618320610687022,-0.5572519083969465,-1.1755725190839694
09:50:085881,-1.9420614624023438,2.4138803100585937,0.4819976806640625,0.9236641221374046,-0.7633587786259541,-1.0305343511450382
09:50:225999,0.7122189331054688,2.7572662353515627,0.4152365112304688,-0.04580152671755725,-0.732824427480916,-0.6793893129770993
09:50:315982,2.5524920654296874,0.8774752807617188,-0.26225463867187504,-0.2748091603053435,-0.37404580152671757,0.17557251908396945
09:50:451017,1.9633172607421876,-0.24998016357421876,-0.3838018798828125,0.03816793893129771,-0.12213740458015267,0.83206106870229
09:50:535934,-0.27722351074218754,2.930007019042969,1.6735198974609375,-0.183206106870229,0.45038167938931295,1.4427480916030533
09:50:631022,-1.4379098510742188,2.7063720703125003,1.7256115722656251,-0.9923664122137404,0.38167938931297707,1.0381679389312977
09:50:811041,-0.19160156250000002,0.4724176025390625,-0.027542724609375003,-0.5343511450381679,0.2213740458015267,0.23664122137404578
09:50:991086,0.12633728027343752,0.2077679443359375,-0.1275347900390625,0.3282442748091603,-0.2213740458015267,-0.06870229007633588
09:51:121001,0.12633728027343752,0.2077679443359375,-0.1275347900390625,0.3282442748091603,-0.2213740458015267,-0.06870229007633588
09:51:216602,0.12633728027343752,0.2077679443359375,-0.1275347900390625,0.3282442748091603,-0.2213740458015267,-0.06870229007633588
09:51:346044,1.490600280761719,0.48948211669921876,0.5134323120117188,-0.11450381679389313,-0.061068702290076333,0.3053435114503817
09:51:486140,0.9250762939453125,0.03113525390625,0.6604266357421875,0.015267175572519083,0.12213740458015267,0.4427480916030534
09:51:621241,0.9250762939453125,0.03113525390625,0.6604266357421875,0.015267175572519083,0.12213740458015267,0.4427480916030534
09:51:711181,0.082628173828125,0.985550537109375,1.0996133422851564,-0.37404580152671757,0.17557251908396945,0.0916030534351145
09:51:801128,0.22573059082031252,0.4673281860351563,0.48678771972656254,-0.2213740458015267,0.007633587786259542,-0.10687022900763359
09:51:936151,0.3745211791992188,0.08232879638671875,0.4454736328125,0.183206106870229,-0.1984732824427481,-0.10687022900763359
09:52:110961,0.24578887939453126,-0.012573852539062501,0.8996292114257813,0.4809160305343511,-0.24427480916030533,-0.22900763358778625
09:52:206177,-0.4816983032226563,0.46523254394531255,1.8720071411132813,0.32061068702290074,-0.34351145038167935,-1.0229007633587786
09:52:296194,0.6804849243164063,0.23740631103515628,1.1073971557617188,0.1450381679389313,-0.282442748091603,-1.0
09:52:431207,2.6237438964843753,-0.33410522460937503,-0.592767333984375,-0.09923664122137404,0.3893129770992366,-0.4580152671755725
09:52:521224,2.446512451171875,-0.207169189453125,-0.5038522338867187,-0.4427480916030534,0.5419847328244275,-0.16030534351145037
09:52:651156,-0.23531066894531252,2.710862731933594,-0.24878265380859377,-0.42748091603053434,0.9465648854961831,1.4045801526717556
09:52:746238,-4.634063415527344,0.9633966064453126,0.6724017333984376,-0.5954198473282443,-0.061068702290076333,1.3282442748091603
09:52:831170,-2.462978210449219,-0.49756530761718754,-1.4001882934570313,-0.48854961832061067,0.007633587786259542,0.6106870229007634
09:52:971272,-0.02724334716796875,-1.6121475219726564,-1.2235556030273438,0.030534351145038167,-0.04580152671755725,-0.4580152671755725
09:53:061265,-1.70525390625,-1.4316229248046877,-1.20948486328125,1.129770992366412,-0.7862595419847328,-1.045801526717557
09:53:196300,-3.220403137207031,2.1450393676757815,-0.7813751220703126,0.7786259541984732,-0.6259541984732824,-1.5572519083969465
09:53:281265,0.4053570556640625,2.787503356933594,0.6556365966796875,0.5343511450381679,-0.7480916030534351,-0.9312977099236641
09:53:376323,3.2991394042968754,2.0513342285156253,-0.46223876953125004,-0.1984732824427481,-0.4427480916030534,-0.25190839694656486
09:53:511295,3.234174499511719,0.05239105224609375,-0.6762936401367188,-0.007633587786259542,0.40458015267175573,0.5877862595419847
09:53:601324,0.37392242431640627,2.3114932250976565,-0.8544232177734375,-0.3893129770992366,0.7022900763358778,1.3282442748091603
09:53:736373,-4.552033996582032,2.9273126220703127,-0.23620880126953125,-0.9541984732824427,0.6870229007633587,1.7175572519083968
09:53:826348,-2.9569509887695316,-0.9053173828125001,-2.0357666015625,0.030534351145038167,0.7404580152671756,1.0381679389312977
09:53:911276,-0.465831298828125,-2.4623794555664062,-0.6221063232421875,0.061068702290076333,0.12213740458015267,-0.34351145038167935
09:54:096374,-2.0627105712890628,-1.1370355224609376,-1.110091552734375,1.1832061068702289,-0.8931297709923663,-1.2595419847328244
09:54:231369,-1.7690213012695313,2.5970993041992188,-0.4846920776367188,0.4809160305343511,-0.8015267175572519,-0.9541984732824427
09:54:321407,1.4292279052734376,2.328857116699219,-0.2664459228515625,0.007633587786259542,-0.7862595419847328,-0.12213740458015267
09:54:406334,2.545007629394531,0.3442840576171875,-0.8238867187500001,-0.4809160305343511,-0.20610687022900762,0.12213740458015267
09:54:546425,1.8495538330078125,-0.6382727050781251,-0.360450439453125,-0.06870229007633588,0.20610687022900762,0.7251908396946565
09:54:636415,0.19579284667968752,1.9393670654296875,0.4197271728515625,0.0,0.3129770992366412,1.3893129770992365
09:54:771464,-1.5088623046875,3.199446716308594,1.095721435546875,-0.7862595419847328,0.5190839694656488,1.4351145038167938
09:54:946398,-0.5822891235351563,1.088536376953125,-0.124541015625,-0.6259541984732824,0.41221374045801523,0.48854961832061067
09:55:086496,0.525706787109375,0.3972738647460938,-0.1323248291015625,0.13740458015267176,-0.183206106870229,-0.16793893129770993
09:55:176497,0.23082000732421876,1.7205221557617187,0.9648934936523438,0.3893129770992366,-0.1450381679389313,-0.564885496183206
09:55:306559,0.3065625,2.0683987426757815,1.5109579467773437,0.16030534351145037,-0.16793893129770993,-0.6030534351145038
09:55:441489,1.4950909423828125,0.8283773803710938,0.44756927490234377,-0.022900763358778626,-0.10687022900763359,-0.022900763358778626
09:55:581649,1.1570938110351563,0.12005035400390626,0.5760021972656251,-0.007633587786259542,0.007633587786259542,0.26717557251908397
09:55:672129,0.7232958984375001,1.0370434570312501,0.7310797119140625,0.07633587786259542,0.1297709923664122,0.3893129770992366
09:55:756558,0.4182302856445313,2.023492126464844,1.471739501953125,-0.1984732824427481,0.22900763358778625,0.24427480916030533
09:55:896683,0.1850152587890625,0.863404541015625,0.83107177734375,-0.2900763358778626,0.13740458015267176,0.022900763358778626
09:55:987169,0.44457550048828126,0.19669097900390625,0.18681152343750002,-0.06870229007633588,-0.12213740458015267,-0.04580152671755725
09:56:121695,0.47062133789062505,-0.2847079467773438,0.354462890625,0.5038167938931297,-0.2900763358778626,-0.007633587786259542
09:56:206594,0.47062133789062505,-0.2847079467773438,0.354462890625,0.5038167938931297,-0.2900763358778626,-0.007633587786259542
09:56:296640,0.47062133789062505,-0.2847079467773438,0.354462890625,0.5038167938931297,-0.2900763358778626,-0.007633587786259542
09:56:476557,0.4739144897460938,1.47533203125,1.1813433837890626,-0.183206106870229,-0.38167938931297707,-1.1908396946564885
09:56:571706,0.4739144897460938,1.47533203125,1.1813433837890626,-0.183206106870229,-0.38167938931297707,-1.1908396946564885
09:56:661653,2.86204833984375,1.3082794189453126,-0.31404693603515627,-0.10687022900763359,0.3893129770992366,0.648854961832061
09:56:796663,-3.1835797119140627,2.9740155029296877,-0.9412426757812501,-0.8473282442748091,0.9770992366412213,1.8091603053435115
09:56:887295,-3.8613702392578126,0.25926086425781253,-0.45655059814453125,-0.366412213740458,0.16030534351145037,1.114503816793893
09:57:021671,-1.2714559936523437,-1.9450552368164062,-1.380728759765625,-0.05343511450381679,0.25190839694656486,-0.05343511450381679
09:57:106590,-2.076182556152344,-1.565145263671875,-1.0753637695312501,0.8473282442748091,-0.7633587786259541,-1.1221374045801527
09:57:201681,-3.624562683105469,1.9785855102539063,-1.28133544921875,0.8549618320610687,-0.7480916030534351,-1.4351145038167938
09:57:331621,0.255069580078125,2.7644512939453127,-0.07634124755859376,0.1297709923664122,-0.6183206106870229,-1.16793893129771
09:57:426708,3.5700759887695312,2.181563415527344,-0.4700225830078125,-0.40458015267175573,-0.3282442748091603,-0.366412213740458
09:57:561711,3.4353561401367188,0.11466156005859375,-0.57240966796875,0.022900763358778626,0.07633587786259542,0.7633587786259541
09:57:741772,-1.2507989501953125,2.7264303588867187,-1.182840270996094,-0.20610687022900762,0.8931297709923663,1.8091603053435115
09:57:831749,-4.661606140136719,1.1427236938476564,-0.8131091308593751,-0.9465648854961831,0.648854961832061,1.0610687022900762
09:57:921772,-1.1205697631835938,-1.868115234375,-1.2064910888671876,-0.5038167938931297,0.4198473282442748,-0.04580152671755725
09:58:051709,-0.1838177490234375,-0.8903485107421876,-1.3385165405273438,0.6335877862595419,-0.46564885496183206,-0.7175572519083969
09:58:146802,-1.6878900146484377,1.3489947509765625,-1.683399353027344,0.9389312977099237,-0.6641221374045801,-1.0534351145038168
09:58:326811,-1.892963562011719,2.424957275390625,0.338895263671875,0.3969465648854962,-0.5190839694656488,-1.2290076335877862
09:58:416824,1.658551025390625,2.309996337890625,-0.00449066162109375,-0.061068702290076333,-0.9389312977099237,-0.007633587786259542
09:58:506829,2.7222390747070313,-0.5083428955078125,-1.1687695312500002,-0.03816793893129771,-0.3511450381679389,0.4580152671755725
09:58:641857,0.999920654296875,-0.5382806396484375,0.10538085937500001,0.10687022900763359,0.3053435114503817,0.9007633587786259
09:58:726788,-0.31763946533203125,2.920726318359375,1.0496173095703125,-0.26717557251908397,0.564885496183206,1.366412213740458
09:58:866866,-1.0960208129882814,2.292931823730469,0.7999365234375,-0.7251908396946565,0.6106870229007634,0.83206106870229
09:58:951793,0.042810974121093755,0.477806396484375,-0.35625915527343754,-0.366412213740458,0.37404580152671757,0.05343511450381679
09:59:046886,0.51971923828125,0.1993853759765625,-0.0700543212890625,-0.022900763358778626,-0.07633587786259542,-0.1297709923664122
09:59:176815,0.5894741821289062,0.9559121704101563,0.3538641357421875,0.282442748091603,-0.11450381679389313,-0.2213740458015267
09:59:272532,0.379610595703125,1.7094451904296877,1.1786489868164063,0.1984732824427481,-0.061068702290076333,-0.32061068702290074
09:59:446847,0.7074288940429688,1.2406201171875,1.2325369262695314,-0.04580152671755725,-0.16030534351145037,-0.33587786259541985
09:59:541935,0.9618997192382813,0.6756948852539063,0.4421804809570313,-0.015267175572519083,-0.09923664122137404,0.16793893129770993
09:59:626873,0.8307723999023438,0.501756591796875,0.6376739501953125,0.03816793893129771,0.07633587786259542,0.23664122137404578
09:59:766961,0.48798522949218753,1.5408956909179687,1.1585906982421876,-0.08396946564885496,0.1297709923664122,0.21374045801526717
09:59:856958,0.12124786376953126,1.150806884765625,1.1993060302734375,-0.1450381679389313,0.10687022900763359,0.06870229007633588
10:00:037072,0.37272491455078127,0.8047265625000001,0.484991455078125,-0.16793893129770993,-0.05343511450381679,-0.07633587786259542
10:00:126973,0.37272491455078127,0.8047265625000001,0.484991455078125,-0.16793893129770993,-0.05343511450381679,-0.07633587786259542
10:00:256953,-0.12214599609375,-1.1481124877929687,-0.142503662109375,0.9618320610687022,-0.282442748091603,-0.45038167938931295
10:00:352035,-3.0291009521484376,0.5095404052734376,1.031055908203125,0.32061068702290074,-0.45038167938931295,-1.9389312977099236
10:00:436957,-0.35745666503906254,2.5001010131835937,0.8828640747070313,0.19083969465648853,-0.4427480916030534,-1.3358778625954197
10:00:577046,3.617377624511719,0.8062234497070313,0.487386474609375,-0.10687022900763359,0.24427480916030533,-0.061068702290076333
10:00:712028,2.599494323730469,0.8975335693359375,-0.09969268798828125,0.0,0.17557251908396945,0.7099236641221374
10:00:802068,-1.9893630981445314,2.629432067871094,-1.8294955444335939,-0.648854961832061,0.9770992366412213,1.8854961832061068
10:00:931997,-5.277425537109376,1.1505075073242188,-1.5908917236328126,-0.9770992366412213,0.8091603053435115,1.2748091603053435
10:01:027093,-1.8738034057617188,-2.2144949340820315,-1.5633489990234375,-0.6106870229007634,0.45038167938931295,0.1984732824427481
10:01:162087,-0.3745211791992188,-1.9139199829101563,-0.9966275024414063,0.6259541984732824,-0.564885496183206,-0.6946564885496183
10:01:252124,-3.124003601074219,0.6780899047851563,-1.9782861328125,0.8473282442748091,-0.7862595419847328,-1.4427480916030533
10:01:337062,-3.1078372192382813,2.5126748657226563,-0.5760021972656251,0.4809160305343511,-0.4961832061068702,-1.6870229007633588
10:01:477134,1.0277627563476563,3.109932861328125,0.28740234375,0.3053435114503817,-0.7633587786259541,-0.9465648854961831
10:01:562075,1.0277627563476563,3.109932861328125,0.28740234375,0.3053435114503817,-0.7633587786259541,-0.9465648854961831
10:01:702167,3.06322998046875,0.15178436279296875,-0.7616162109375001,-0.022900763358778626,0.183206106870229,1.0610687022900762
10:01:787099,0.34817596435546877,2.352208557128906,-0.6846762084960938,-0.4198473282442748,0.7938931297709924,1.3511450381679388
10:01:927206,-4.536765747070313,3.377875671386719,0.10837463378906251,-0.6870229007633587,0.6870229007633587,2.0229007633587783
10:02:012119,-2.142045593261719,0.11645782470703125,-1.2720547485351563,-0.6259541984732824,0.366412213740458,0.6641221374045801
10:02:107211,0.228724365234375,-0.9948312377929688,-1.2702584838867188,-0.05343511450381679,0.07633587786259542,-0.06870229007633588
10:02:237161,-0.15837066650390627,-0.37092864990234375,-1.2696597290039062,0.8854961832061068,-0.564885496183206,-0.7862595419847328
10:02:377253,-1.9591259765625002,2.14354248046875,-0.8855584716796876,0.9465648854961831,-0.7022900763358778,-1.0763358778625953
10:02:507186,-0.8355624389648438,2.6195526123046875,0.9095086669921876,0.3129770992366412,-0.9389312977099237,-0.7557251908396946
10:02:602304,2.705174560546875,1.2475057983398439,-1.0915301513671876,-0.45038167938931295,-0.46564885496183206,-0.16793893129770993
10:02:692321,2.8865972900390626,-0.5921685791015625,-0.7921527099609376,-0.2595419847328244,0.11450381679389313,0.366412213740458
10:02:912224,1.189127197265625,0.2125579833984375,0.1993853759765625,0.282442748091603,0.3511450381679389,1.129770992366412
10:03:052306,-1.1415261840820312,2.460882568359375,0.13082794189453126,-0.7251908396946565,0.7938931297709924,0.83206106870229
10:03:142311,0.18441650390625,0.085023193359375,-0.23680755615234375,-0.16793893129770993,0.26717557251908397,0.015267175572519083
10:03:232321,0.4086502075195313,0.583187255859375,-0.3008743286132813,0.10687022900763359,-0.022900763358778626,-0.20610687022900762
10:03:367357,0.6511459350585938,1.1391311645507813,0.5538482666015625,0.3511450381679389,-0.35877862595419846,-0.2213740458015267
10:03:457334,0.8729846191406251,1.6759149169921876,0.9660910034179688,0.26717557251908397,-0.08396946564885496,-0.4427480916030534
10:03:592456,1.0582992553710937,1.3067825317382813,1.2112811279296876,-0.061068702290076333,-0.183206106870229,-0.34351145038167935
10:03:682368,1.1193722534179689,0.8520281982421876,0.7762857055664063,-0.17557251908396945,-0.17557251908396945,-0.03816793893129771
10:03:817411,0.9780661010742188,0.44786865234375,0.5227130126953126,-0.015267175572519083,-0.03816793893129771,0.24427480916030533
10:03:947329,0.6176156616210938,0.968785400390625,0.7619155883789063,0.0,0.15267175572519084,0.1984732824427481
10:04:042428,0.4245172119140625,1.36276611328125,1.4289285278320314,-0.10687022900763359,0.030534351145038167,-0.022900763358778626
10:04:132406,0.3550616455078125,1.1475137329101563,0.8720864868164063,-0.20610687022900762,0.11450381679389313,-0.183206106870229
10:04:267672,0.44726989746093754,0.2963836669921875,0.520916748046875,-0.12213740458015267,-0.0916030534351145,-0.1450381679389313
10:04:402427,0.4736151123046875,0.11346405029296876,0.5128335571289063,0.12213740458015267,-0.2213740458015267,0.04580152671755725
10:04:492453,-0.0736468505859375,-0.8104147338867188,0.30865814208984377,0.7938931297709924,-0.5114503816793893,-0.1450381679389313
10:04:577381,-2.068997497558594,-1.2502001953125002,0.62989013671875,0.7557251908396946,-0.648854961832061,-1.3206106870229006
10:04:717477,-2.841391296386719,1.8175204467773438,1.7295034790039063,-0.10687022900763359,-0.3893129770992366,-2.198473282442748
10:04:802408,1.76033935546875,2.8623477172851564,0.7481442260742188,0.07633587786259542,-0.2900763358778626,-0.7786259541984732
10:04:942504,3.8817279052734377,1.2175680541992189,-0.0700543212890625,-0.15267175572519084,0.11450381679389313,0.40458015267175573
10:05:072448,2.3803500366210937,0.7918533325195313,-0.789158935546875,0.19083969465648853,0.35877862595419846,1.2366412213740459
10:05:167530,-4.713997192382813,2.8036697387695315,-1.107696533203125,-0.32061068702290074,1.381679389312977,2.099236641221374
10:05:257523,-4.719086608886719,0.8753796386718751,-0.643062744140625,-0.83206106870229,0.6717557251908397,1.1221374045801527
10:05:392568,-0.9169931030273438,-1.3717474365234377,-1.2085867309570313,-0.37404580152671757,0.25190839694656486,0.1450381679389313
10:05:482563,-0.13921051025390627,-1.6723223876953126,-0.9439370727539063,0.6106870229007634,-0.48854961832061067,-0.48854961832061067
10:05:617649,-3.327580261230469,0.26614654541015625,-1.3151651000976563,0.7099236641221374,-1.1526717557251909,-1.4198473282442747
10:05:707622,-2.368374938964844,2.522853698730469,-0.6876699829101562,0.13740458015267176,-0.8549618320610687,-1.748091603053435
10:05:797587,1.0472222900390626,2.8892916870117187,-0.28800109863281254,0.12213740458015267,-0.9694656488549618,-1.099236641221374
10:05:977599,4.553830261230469,1.2136761474609377,-1.2849279785156251,-0.007633587786259542,-0.16030534351145037,0.17557251908396945
10:06:062538,2.2977218627929688,0.35296600341796874,-0.6427633666992187,0.1984732824427481,0.5114503816793893,1.0610687022900762
10:06:202648,-0.8460406494140625,2.515369262695313,-0.983155517578125,0.45038167938931295,0.9007633587786259,1.7709923664122136
10:06:292630,-0.8460406494140625,2.515369262695313,-0.983155517578125,0.45038167938931295,0.9007633587786259,1.7709923664122136
10:06:427664,-0.8460406494140625,2.515369262695313,-0.983155517578125,0.45038167938931295,0.9007633587786259,1.7709923664122136
10:06:512588,-0.00808319091796875,-1.460662536621094,-1.1250604248046876,0.5114503816793893,-0.282442748091603,-0.4198473282442748
10:06:607713,-1.0924282836914063,-0.6804849243164063,-1.7019607543945314,0.8854961832061068,-0.83206106870229,-1.1221374045801527
10:06:832705,-2.901266784667969,2.459086303710938,-0.5248086547851563,0.8625954198473282,-0.7557251908396946,-1.2900763358778626
10:06:917649,2.8207342529296877,1.981579284667969,-0.4110452270507813,-0.6412213740458015,-0.4809160305343511,-0.03816793893129771
10:07:007648,2.741399230957031,-0.669407958984375,-0.6918612670898437,-0.564885496183206,-0.1984732824427481,0.41221374045801523
10:07:147750,0.9346563720703126,-0.0335302734375,-0.28351043701171874,-0.07633587786259542,0.41221374045801523,0.9465648854961831
10:07:282748,-1.0187814331054688,3.20693115234375,1.0804531860351563,-0.5267175572519084,0.6564885496183206,1.5038167938931297
10:07:372777,-0.39428009033203126,0.8601113891601563,-0.02185455322265625,-0.4809160305343511,0.3282442748091603,0.366412213740458
10:07:462781,0.4101470947265625,0.28231292724609375,-0.27692413330078125,-0.183206106870229,0.08396946564885496,-0.10687022900763359
10:07:642776,0.6044430541992187,0.8376580810546875,0.1778302001953125,0.17557251908396945,-0.10687022900763359,-0.15267175572519084
10:07:772718,0.144898681640625,1.242715759277344,1.0451266479492187,0.23664122137404578,-0.282442748091603,-0.5343511450381679
10:07:867814,0.9142987060546875,1.2241543579101564,0.8493338012695313,0.05343511450381679,-0.2748091603053435,-0.5114503816793893
10:07:952744,1.22385498046875,0.7631130981445313,0.571212158203125,0.04580152671755725,-0.0916030534351145,-0.13740458015267176
10:08:177793,0.9753717041015626,0.34757720947265625,0.7026388549804687,0.030534351145038167,0.06870229007633588,0.24427480916030533
10:08:272851,0.49217651367187504,1.931283874511719,1.0481204223632814,-0.19083969465648853,0.32061068702290074,0.45038167938931295
10:08:407882,-0.0640667724609375,1.272952880859375,0.7343728637695313,-0.2213740458015267,0.34351145038167935,0.10687022900763359
10:08:497869,0.25836273193359377,0.48409332275390626,0.32602203369140625,-0.07633587786259542,-0.04580152671755725,-0.061068702290076333
10:08:587900,0.42152343750000004,0.24159759521484375,0.16016693115234376,0.11450381679389313,-0.26717557251908397,0.015267175572519083
10:08:722915,0.08801696777343751,-0.1490899658203125,0.2496807861328125,0.6793893129770993,-0.40458015267175573,-0.13740458015267176
10:08:812923,-1.3864169311523438,-0.12663665771484375,1.2256512451171875,0.4427480916030534,-0.6641221374045801,-0.9923664122137404
10:08:947934,-0.9726773071289063,0.7909552001953125,1.1894265747070314,0.05343511450381679,-0.5954198473282443,-1.5190839694656488
10:09:037956,1.8791921997070313,1.110091552734375,0.2915936279296875,-0.2595419847328244,-0.061068702290076333,-0.8167938931297709
10:09:127939,3.0823901367187503,0.6065386962890625,0.10927276611328125,0.06870229007633588,0.3893129770992366,0.10687022900763359
10:09:262965,2.495310974121094,2.3070025634765625,-0.9032217407226563,-0.5419847328244275,0.5725190839694656,1.1221374045801527
10:09:352989,-3.697610778808594,3.116818542480469,-0.7664062500000001,-0.6183206106870229,0.8015267175572519,1.6564885496183206
10:09:533001,-3.813469848632813,0.8945397949218751,-0.9193881225585938,-1.0229007633587786,0.7786259541984732,0.7099236641221374
10:09:617995,-0.1502874755859375,-1.0942245483398438,-0.9502239990234376,0.20610687022900762,-0.32061068702290074,-0.2213740458015267
10:09:713012,-0.8361611938476563,-1.0490185546875002,-1.2540921020507814,0.9312977099236641,-0.7175572519083969,-0.7862595419847328
10:09:848016,-2.984793090820313,1.3699511718750002,-1.016685791015625,0.9923664122137404,-0.648854961832061,-1.3587786259541985
10:09:983060,-1.0600955200195312,2.6719436645507812,0.48259643554687504,0.1450381679389313,-0.5343511450381679,-1.4427480916030533
10:10:073144,3.232976989746094,2.4468118286132814,-0.22004241943359376,-0.5419847328244275,-0.2900763358778626,-0.4351145038167939
10:10:163087,3.5976187133789064,1.1044033813476564,-0.7738906860351563,-0.183206106870229,0.0916030534351145,0.5419847328244275
10:10:298113,0.5825885009765626,2.3974145507812503,0.1383123779296875,0.04580152671755725,0.32061068702290074,1.4198473282442747
10:10:388079,-4.083807678222657,3.3021331787109376,-0.130528564453125,-1.0916030534351144,0.9312977099236641,2.015267175572519
10:10:523121,-3.4482293701171876,1.2445120239257814,-1.0753637695312501,-1.3282442748091603,0.2595419847328244,1.045801526717557
10:10:658114,-0.06945556640625,-0.4002676391601563,-1.8100360107421876,-0.282442748091603,0.16793893129770993,0.16030534351145037
10:10:793648,0.43828857421875,-1.0277627563476563,-1.4247372436523438,1.0763358778625953,-0.19083969465648853,-0.7251908396946565
10:10:883163,-3.1868728637695316,2.39262451171875,-1.1654763793945313,1.0916030534351144,-0.5038167938931297,-1.3893129770992365
10:10:973145,-1.9600241088867187,2.6372158813476565,0.7673043823242188,0.9465648854961831,-0.8702290076335878,-0.8549618320610687
10:11:108181,1.310973815917969,2.4339385986328126,0.05598358154296875,-0.09923664122137404,-1.0305343511450382,-0.183206106870229
10:11:193085,1.310973815917969,2.4339385986328126,0.05598358154296875,-0.09923664122137404,-1.0305343511450382,-0.183206106870229
10:11:333660,1.9127224731445314,-0.8292755126953125,-1.1319461059570313,-0.11450381679389313,0.4580152671755725,0.6641221374045801
10:11:423182,0.041613464355468754,2.166295166015625,0.5298980712890625,0.10687022900763359,1.0076335877862594,1.099236641221374
10:11:558218,-0.9544152832031251,3.0392797851562503,0.8235873413085938,-0.549618320610687,1.0,0.8931297709923663
10:11:648280,-0.9544152832031251,3.0392797851562503,0.8235873413085938,-0.549618320610687,1.0,0.8931297709923663
10:11:738243,-0.9544152832031251,3.0392797851562503,0.8235873413085938,-0.549618320610687,1.0,0.8931297709923663
10:11:873241,0.4164340209960938,0.5071453857421875,0.22782623291015627,0.22900763358778625,-0.3282442748091603,-0.282442748091603
10:11:963768,0.3047662353515625,1.9258950805664063,0.8828640747070313,0.16030534351145037,-0.35877862595419846,-0.6335877862595419
10:12:098291,0.9160949707031251,1.430724792480469,1.1549981689453126,-0.03816793893129771,-0.45038167938931295,-0.5267175572519084
10:12:183215,1.4085708618164063,0.9334588623046876,0.5307962036132813,-0.09923664122137404,-0.29770992366412213,-0.015267175572519083
10:12:273744,1.2313394165039062,0.4655319213867188,0.6385720825195312,0.022900763358778626,-0.030534351145038167,0.25190839694656486
10:12:458335,0.7002438354492188,1.0391390991210938,1.0768606567382812,0.030534351145038167,0.19083969465648853,0.29770992366412213
10:12:588284,0.27422973632812503,1.589095458984375,1.4298266601562502,-0.33587786259541985,0.20610687022900762,0.061068702290076333
10:12:728369,0.14819183349609374,0.1826202392578125,0.4739144897460938,-0.10687022900763359,-0.2213740458015267,-0.06870229007633588
10:12:818359,0.142503662109375,-0.5505551147460938,0.5056484985351563,0.32061068702290074,-0.41221374045801523,-0.183206106870229
10:12:953374,-0.9627978515625001,-0.8750802612304688,0.6340814208984376,0.48854961832061067,-0.5572519083969465,-1.015267175572519
10:13:038294,-2.2504202270507814,0.7685018920898438,1.7609381103515627,-0.04580152671755725,-0.11450381679389313,-1.9465648854961832
10:13:178394,0.0820294189453125,2.052831115722656,2.266885986328125,0.09923664122137404,-0.4427480916030534,-1.3053435114503815
10:13:268393,3.5260675048828127,0.6918612670898437,-0.484991455078125,0.2748091603053435,-0.1450381679389313,0.022900763358778626
10:13:358439,3.2239956665039062,1.2675640869140625,-1.781595153808594,0.022900763358778626,0.6717557251908397,0.5343511450381679
10:13:493419,-1.6792080688476563,2.5671615600585938,-2.4105871582031253,-0.4809160305343511,1.8473282442748091,1.3435114503816794
10:13:583515,-5.283712463378906,2.3665786743164063,-0.23740631103515628,-0.9847328244274809,1.0229007633587786,1.381679389312977
10:13:713385,-2.3546035766601565,-0.7831713867187501,-1.6058605957031251,-0.5725190839694656,0.38167938931297707,0.7099236641221374
10:13:808463,0.22123992919921875,-1.9935543823242188,-0.9136999511718751,0.1450381679389313,-0.1297709923664122,-0.366412213740458
10:13:898464,-0.7846682739257813,-2.000739440917969,-1.1056008911132813,0.9923664122137404,-0.7251908396946565,-1.0534351145038168
10:14:078501,-4.208648071289063,1.6510665893554688,-1.16158447265625,0.8854961832061068,-0.9694656488549618,-1.732824427480916
10:14:168485,0.37122802734375004,2.767145690917969,-0.7373666381835938,0.15267175572519084,-1.0534351145038168,-0.8091603053435115
10:14:258528,3.2036380004882816,1.8196160888671875,-1.44419677734375,-0.0916030534351145,-0.46564885496183206,-0.13740458015267176
10:14:388475,3.374283142089844,0.219144287109375,-0.9918374633789063,-0.030534351145038167,0.4427480916030534,0.6030534351145038
10:14:483547,1.3690530395507814,0.9759704589843751,-0.884959716796875,0.25190839694656486,0.7557251908396946,0.9923664122137404
10:14:618562,-4.0918908691406255,2.7033782958984376,-1.6959732055664063,-1.114503816793893,1.748091603053435,1.3969465648854962
10:14:708552,-3.5476226806640625,-0.17034576416015626,-1.2017010498046876,-0.916030534351145,0.5954198473282443,0.9847328244274809
10:14:843552,-0.6412664794921875,-1.598675537109375,-1.4870077514648439,-0.3893129770992366,0.3893129770992366,0.3129770992366412
10:15:023587,0.3945794677734375,-1.9211050415039064,-0.8367599487304688,0.6030534351145038,-0.3969465648854962,-0.7404580152671756
10:15:113589,-2.989882507324219,2.615361328125,-0.18920654296875,0.5419847328244275,-0.8702290076335878,-1.0381679389312977
10:15:248613,-0.4655319213867188,2.6536816406250003,0.20387603759765627,0.183206106870229,-1.0687022900763359,-0.6335877862595419
10:15:338641,2.614163818359375,0.846639404296875,-0.9175918579101563,-0.3511450381679389,-0.4427480916030534,0.10687022900763359
10:15:473663,2.4830364990234375,-0.4954696655273438,-1.0388397216796876,-0.030534351145038167,0.1450381679389313,0.6717557251908397
10:15:563797,0.6712042236328125,2.0276834106445314,0.2924917602539063,0.3511450381679389,0.5572519083969465,1.3206106870229006
10:15:698709,-1.751956787109375,2.7033782958984376,1.01788330078125,-0.7709923664122137,0.8091603053435115,1.0687022900763359
10:15:833715,-0.307760009765625,0.6331832885742188,-0.27063720703125,-0.4961832061068702,0.5038167938931297,0.38167938931297707
10:15:923695,0.3936813354492188,0.14400054931640627,-0.7035369873046875,0.13740458015267176,-0.05343511450381679,0.007633587786259542
10:16:058714,0.3936813354492188,0.14400054931640627,-0.7035369873046875,0.13740458015267176,-0.05343511450381679,0.007633587786259542
10:16:148719,0.2508782958984375,2.8297155761718753,0.8289761352539063,0.34351145038167935,-0.4198473282442748,-0.8167938931297709
10:16:238750,1.1765533447265626,1.9004479980468751,1.1094927978515625,-0.06870229007633588,-0.5954198473282443,-0.648854961832061
10:16:369150,1.8238073730468751,0.6700067138671876,0.13442047119140627,-0.07633587786259542,-0.20610687022900762,0.06870229007633588
10:16:463782,1.8238073730468751,0.6700067138671876,0.13442047119140627,-0.07633587786259542,-0.20610687022900762,0.06870229007633588
10:16:598752,0.4508624267578125,1.6720230102539064,0.7397616577148438,-0.1297709923664122,0.41221374045801523,0.41221374045801523
10:16:688786,0.02065704345703125,1.7869839477539062,1.01309326171875,-0.37404580152671757,0.29770992366412213,0.3053435114503817
10:16:818715,0.288599853515625,0.8834628295898438,0.40954833984375,-0.37404580152671757,0.19083969465648853,0.08396946564885496
10:16:913819,0.4742138671875,0.24818389892578127,0.0963995361328125,-0.030534351145038167,-0.13740458015267176,0.007633587786259542
10:17:003803,0.5517526245117188,-0.06436614990234375,0.2625540161132813,0.34351145038167935,-0.22900763358778625,-0.07633587786259542
10:17:138831,-0.5110372924804688,-0.1898052978515625,0.3960763549804688,0.5572519083969465,-0.42748091603053434,-0.5954198473282443
10:17:223761,-2.1881497192382815,-0.18681152343750002,1.0660830688476564,0.2900763358778626,-0.6259541984732824,-1.6564885496183206
10:17:363908,-0.7894583129882813,1.787882080078125,0.8592132568359375,-0.15267175572519084,-0.2900763358778626,-1.648854961832061
10:17:448946,2.9761111450195314,1.6543597412109377,0.5221142578125,-0.48854961832061067,0.08396946564885496,-0.4351145038167939
10:17:538952,3.256927185058594,0.2805166625976563,0.2724334716796875,0.16793893129770993,0.09923664122137404,0.4961832061068702
10:17:678970,1.1717633056640626,2.373164978027344,-1.648671569824219,-0.20610687022900762,0.8015267175572519,1.4045801526717556
10:17:763866,-3.7116815185546876,2.913541259765625,-1.0074050903320313,-0.8244274809160305,0.8854961832061068,1.3969465648854962
10:17:898859,-3.779939575195313,0.7538323974609376,-1.3768368530273438,-0.83206106870229,0.3969465648854962,0.8396946564885496
10:17:993943,-0.4559518432617188,-2.130369873046875,-1.0493179321289063,-0.4351145038167939,0.04580152671755725,-0.11450381679389313
10:18:078872,-0.02065704345703125,-2.1671932983398436,-1.29091552734375,0.83206106870229,-0.5725190839694656,-0.5954198473282443
10:18:218965,-3.4290692138671877,0.5397775268554688,-1.9115249633789064,1.2442748091603053,-1.045801526717557,-1.297709923664122
10:18:303879,-2.156415710449219,2.472857666015625,-0.7008425903320313,0.2213740458015267,-0.7633587786259541,-1.366412213740458
10:18:488996,1.5896942138671877,2.645299072265625,-0.20178039550781252,0.1450381679389313,-0.83206106870229,-0.7480916030534351
10:18:573916,3.9017861938476566,0.09011260986328125,-0.7966433715820312,-0.06870229007633588,0.23664122137404578,0.5419847328244275
10:18:759029,0.5358856201171875,2.209106140136719,-1.4247372436523438,-0.08396946564885496,0.8854961832061068,1.3740458015267174
10:18:933973,-5.2540740966796875,2.5970993041992188,-0.8987310791015626,-1.3206106870229006,1.083969465648855,1.4122137404580153
10:19:074079,-0.5325924682617188,-1.311273193359375,-1.5405963134765626,-0.16793893129770993,0.11450381679389313,0.061068702290076333
10:19:209062,-0.5888754272460938,-1.4528787231445313,-1.363963623046875,0.9083969465648855,-0.5114503816793893,-1.015267175572519
10:19:299101,-3.3865576171875,2.1773721313476564,-1.1379336547851564,0.8091603053435115,-0.9312977099236641,-1.2213740458015268
10:19:384035,-0.8451425170898438,2.522853698730469,0.01466949462890625,0.3282442748091603,-0.7633587786259541,-0.6335877862595419
10:19:524134,2.1761746215820312,1.826202392578125,-0.425115966796875,-0.09923664122137404,-0.6717557251908397,0.061068702290076333
10:19:609563,2.7399023437500003,-0.7056326293945313,-1.0325527954101563,-0.11450381679389313,-0.061068702290076333,0.6106870229007634
10:19:789089,1.06099365234375,-0.33709899902343754,-0.207169189453125,0.22900763358778625,0.37404580152671757,1.0534351145038168
10:19:929177,-0.91250244140625,2.029479675292969,0.7792794799804688,-0.5572519083969465,0.37404580152671757,0.6870229007633587
10:20:014086,-0.09520202636718751,0.6122268676757813,-0.05718109130859375,-0.25190839694656486,0.33587786259541985,0.37404580152671757
10:20:154659,0.5221142578125,0.3538641357421875,0.00928070068359375,-0.061068702290076333,-0.03816793893129771,-0.04580152671755725
10:20:244175,0.46493316650390626,0.9107061767578125,0.4604425048828125,0.2213740458015267,-0.23664122137404578,-0.2213740458015267
10:20:379211,0.3251239013671875,1.507664794921875,1.0020162963867187,0.16793893129770993,-0.2595419847328244,-0.37404580152671757
10:20:509143,0.7729925537109376,1.0759625244140625,0.781973876953125,0.030534351145038167,-0.2748091603053435,-0.4427480916030534
10:20:604232,1.1654763793945313,0.8514294433593751,0.5406756591796875,0.022900763358778626,-0.030534351145038167,0.022900763358778626
10:20:779186,0.8373587036132812,0.7259902954101562,0.7649093627929688,-0.022900763358778626,0.10687022900763359,0.22900763358778625
10:20:874260,0.295784912109375,1.2579840087890626,0.8514294433593751,-0.1450381679389313,0.15267175572519084,0.25190839694656486
10:20:959196,0.348475341796875,1.5786172485351564,0.9397457885742188,-0.282442748091603,0.10687022900763359,0.04580152671755725
10:21:099286,0.42032592773437505,0.6999444580078126,0.6843768310546875,-0.22900763358778625,0.015267175572519083,-0.061068702290076333
10:21:184234,0.42032592773437505,0.6999444580078126,0.6843768310546875,-0.22900763358778625,0.015267175572519083,-0.061068702290076333
10:21:324322,0.4197271728515625,-0.0820294189453125,0.6601272583007813,0.33587786259541985,-0.24427480916030533,-0.05343511450381679
10:21:414318,-0.44307861328125003,-0.389190673828125,0.6508465576171876,0.6335877862595419,-0.4961832061068702,-0.4961832061068702
10:21:504356,-1.8232086181640625,-0.14400054931640627,1.2888198852539063,0.11450381679389313,-0.6335877862595419,-1.4198473282442747
10:21:639413,-1.1235635375976563,1.05620361328125,1.253792724609375,-0.40458015267175573,-0.40458015267175573,-1.7633587786259541
10:21:729379,-1.1235635375976563,1.05620361328125,1.253792724609375,-0.40458015267175573,-0.40458015267175573,-1.7633587786259541
10:21:864351,2.644999694824219,0.73048095703125,-0.28231292724609375,-0.2900763358778626,0.33587786259541985,0.6106870229007634
10:21:999386,1.1190728759765625,1.6121475219726564,-0.983155517578125,0.25190839694656486,0.46564885496183206,1.2442748091603053
10:22:089375,-4.866380310058594,2.6372158813476565,-0.5715115356445313,-1.045801526717557,1.1755725190839694,1.5038167938931297
10:22:179396,-3.2180081176757813,0.0335302734375,-1.4031820678710938,-0.8854961832061068,0.47328244274809156,0.8702290076335878
10:22:309350,-0.1772314453125,-2.1378543090820314,-1.3651611328125002,0.061068702290076333,0.022900763358778626,-0.17557251908396945
10:22:404443,-1.1334429931640626,-1.7327966308593752,-1.3163626098632812,1.015267175572519,-0.6793893129770993,-0.83206106870229
10:22:539437,-3.6583923339843754,1.8531463623046875,-1.3933026123046877,0.7786259541984732,-0.916030534351145,-1.5572519083969465
10:22:629481,-0.5661227416992187,3.0048513793945313,0.130528564453125,0.40458015267175573,-0.7786259541984732,-1.2290076335877862
10:22:764479,3.3641043090820313,1.967508544921875,-0.6571334838867188,-0.1450381679389313,-0.33587786259541985,-0.09923664122137404
10:22:849423,3.2718960571289064,0.4140390014648438,-0.910107421875,0.015267175572519083,0.1297709923664122,0.6641221374045801
10:22:989521,1.1729608154296876,1.6582516479492189,-0.8738827514648438,0.07633587786259542,0.6641221374045801,0.9923664122137404
10:23:079511,-4.2625360107421875,3.0422735595703125,-1.1178753662109375,-1.2213740458015268,1.4198473282442747,1.5419847328244274
10:23:214547,-3.963158569335938,0.7331753540039063,-1.302890625,-1.0916030534351144,0.5725190839694656,1.1374045801526718
10:23:349554,-0.12663665771484375,-1.4876065063476562,-1.3139675903320314,-0.2595419847328244,0.19083969465648853,0.16030534351145037
10:23:439574,0.00029937744140625,-1.3983920288085938,-1.1690689086914063,0.9083969465648855,-0.564885496183206,-1.0076335877862594
10:23:524503,-2.6527835083007814,0.5514532470703125,-1.9429595947265625,1.4198473282442747,-0.8396946564885496,-1.4885496183206106
10:23:664648,-1.8902691650390626,2.6626629638671875,-0.35176849365234375,0.564885496183206,-0.6793893129770993,-0.8625954198473282
10:23:749500,0.7238946533203126,2.2576052856445314,0.58198974609375,0.25190839694656486,-0.7099236641221374,-0.3969465648854962
10:23:889617,2.686014404296875,0.3841012573242188,-0.3802093505859375,0.16030534351145037,-0.3893129770992366,0.3511450381679389
10:23:974539,1.8055453491210938,-0.39308258056640627,-0.48978149414062505,-0.061068702290076333,0.2213740458015267,0.8015267175572519
10:24:069621,-0.00449066162109375,1.2328363037109376,0.1922003173828125,0.030534351145038167,0.6335877862595419,1.2595419847328244
10:24:204626,-1.7411791992187502,2.41178466796875,0.8544232177734375,-0.8167938931297709,0.6335877862595419,1.2595419847328244
10:24:294647,-0.6640191650390626,0.91250244140625,-0.2221380615234375,-0.564885496183206,0.45038167938931295,0.648854961832061
10:24:424607,0.38739440917968754,0.247884521484375,-0.22573059082031252,-0.11450381679389313,0.1297709923664122,0.1450381679389313
10:24:609744,0.5035528564453126,1.038240966796875,0.31674133300781254,0.2900763358778626,-0.11450381679389313,-0.38167938931297707
10:24:699787,0.20058288574218752,1.589095458984375,1.217867431640625,0.20610687022900762,-0.282442748091603,-0.6641221374045801
10:24:790253,0.7855664062500001,1.1882290649414062,1.01309326171875,0.022900763358778626,-0.5725190839694656,-0.5954198473282443
10:24:925211,1.431024169921875,0.6062393188476562,0.319735107421875,0.08396946564885496,-0.15267175572519084,0.05343511450381679
10:25:009672,1.0364447021484375,0.36434234619140626,0.626297607421875,0.061068702290076333,0.04580152671755725,0.26717557251908397
10:25:149766,0.6568341064453125,1.2888198852539063,0.8577163696289063,0.03816793893129771,0.24427480916030533,0.35877862595419846
10:25:234701,0.26614654541015625,2.1462368774414062,1.0585986328125,-0.2900763358778626,0.32061068702290074,0.3053435114503817
10:25:324972,0.1802252197265625,0.8975335693359375,0.6424639892578126,-0.33587786259541985,0.2213740458015267,0.16030534351145037
10:25:464778,0.26494903564453126,0.28021728515625,0.17124389648437502,-0.09923664122137404,-0.030534351145038167,0.0
10:25:554846,0.37781433105468754,-0.26105712890625,0.4032614135742188,0.41221374045801523,-0.282442748091603,-0.06870229007633588
10:25:689825,-0.449066162109375,-0.9038204956054688,-0.017962646484375,0.7862595419847328,-0.4809160305343511,-0.5877862595419847
10:25:774749,-3.004552001953125,0.41763153076171877,0.9927355957031251,0.20610687022900762,-0.6793893129770993,-1.9389312977099236
10:25:869847,-1.2160711669921875,2.5147705078125,1.1978091430664064,-0.05343511450381679,-0.33587786259541985,-1.6412213740458015
10:26:004840,3.054847412109375,1.4328204345703126,0.305364990234375,0.2595419847328244,-0.10687022900763359,-0.09923664122137404
10:26:139866,3.2724948120117188,0.0544866943359375,-0.1981878662109375,-0.20610687022900762,0.26717557251908397,0.42748091603053434
10:26:229860,-0.678988037109375,2.5914111328125,-1.8869760131835938,-0.732824427480916,1.16793893129771,1.4809160305343512
10:26:364905,-4.68226318359375,2.5429119873046875,-1.4109658813476562,-1.1603053435114503,1.0381679389312977,1.648854961832061
10:26:499900,-4.68226318359375,2.5429119873046875,-1.4109658813476562,-1.1603053435114503,1.0381679389312977,1.648854961832061
10:26:589927,-0.27393035888671874,-2.1240829467773437,-0.9624984741210938,0.6030534351145038,-0.45038167938931295,-0.7251908396946565
10:26:679929,-2.35909423828125,-0.19010467529296876,-1.6860937500000002,1.0687022900763359,-0.9312977099236641,-1.2519083969465647
10:26:815394,-2.4995022583007813,2.2061123657226562,-1.1690689086914063,0.42748091603053434,-0.9007633587786259,-1.4351145038167938
10:26:899885,-2.4995022583007813,2.2061123657226562,-1.1690689086914063,0.42748091603053434,-0.9007633587786259,-1.4351145038167938
10:27:039990,3.3760794067382816,1.8028509521484375,-0.7298822021484376,-0.24427480916030533,-0.38167938931297707,-0.25190839694656486
10:27:124890,3.370690612792969,-0.22183868408203125,-0.760418701171875,0.15267175572519084,0.2748091603053435,0.7786259541984732
10:27:219975,1.5525714111328126,1.713636474609375,-1.0858419799804688,0.06870229007633588,0.7557251908396946,1.198473282442748
10:27:349931,-4.502936096191407,3.054248657226563,-1.215472412109375,-1.083969465648855,1.2595419847328244,1.7175572519083968
10:27:445013,-3.4524206542968754,0.7613168334960938,-1.811532897949219,-1.0229007633587786,0.6870229007633587,0.9694656488549618
10:27:625101,-0.3550616455078125,-1.65974853515625,-1.431024169921875,-0.34351145038167935,0.4198473282442748,0.03816793893129771
10:27:715058,-1.1906240844726563,-0.6535409545898437,-1.3962963867187501,1.0610687022900762,-0.9770992366412213,-1.099236641221374
10:27:799981,-2.7866052246093753,2.568658447265625,-1.2858261108398439,0.9236641221374046,-0.8778625954198473,-1.1755725190839694
10:27:934971,-0.540076904296875,2.6539810180664065,0.2613565063476563,0.3282442748091603,-0.8091603053435115,-0.8854961832061068
10:28:030088,1.8555413818359376,2.289039916992188,-0.09250762939453125,-0.07633587786259542,-0.6564885496183206,-0.32061068702290074
10:28:160037,2.894081726074219,0.20267852783203125,-0.7469467163085938,-0.17557251908396945,-0.282442748091603,0.5190839694656488
10:28:255123,1.1050021362304687,-0.0940045166015625,-0.030835876464843752,0.11450381679389313,0.282442748091603,1.114503816793893
10:28:340059,-0.4520599365234375,2.8791128540039064,1.0370434570312501,0.09923664122137404,0.5343511450381679,1.5725190839694656
10:28:480160,-1.4067745971679688,1.9809805297851564,0.9523196411132813,-0.5038167938931297,0.5419847328244275,1.0
10:28:565094,-0.12843292236328124,0.45804748535156253,-0.1778302001953125,-0.3053435114503817,0.37404580152671757,0.2595419847328244
10:28:750199,0.41284149169921874,0.3104544067382813,-0.14699432373046875,0.11450381679389313,-0.061068702290076333,-0.16030534351145037
10:28:930194,0.00987945556640625,1.3483959960937502,0.6391708374023438,0.35877862595419846,-0.22900763358778625,-0.6717557251908397
10:29:020213,1.2139755249023438,1.4304254150390625,0.8996292114257813,0.022900763358778626,-0.4580152671755725,-0.4961832061068702
10:29:105153,1.593885498046875,0.8969348144531251,0.43230102539062504,-0.08396946564885496,-0.20610687022900762,0.007633587786259542
10:29:290259,1.114881591796875,0.3733236694335938,0.5092410278320313,0.007633587786259542,0.07633587786259542,0.37404580152671757
10:29:375197,0.17932708740234377,1.7908758544921877,1.4771282958984375,-0.2213740458015267,0.25190839694656486,0.5343511450381679
10:29:470273,0.07424560546875,1.50167724609375,1.08973388671875,-0.3893129770992366,0.2213740458015267,0.2595419847328244
10:29:650370,0.3035687255859375,0.54366943359375,0.41852966308593753,-0.23664122137404578,0.07633587786259542,-0.03816793893129771
10:29:740334,0.4194277954101563,-0.108973388671875,0.24668701171875002,0.3511450381679389,-0.25190839694656486,-0.1297709923664122
10:29:870257,-0.001197509765625,-0.5412744140625,0.09071136474609376,0.7022900763358778,-0.366412213740458,-0.4580152671755725