,action_label
0,0
1,0
2,0
3,0
4,0
5,0
6,0
7,0
8,0
9,0
10,0
11,0
12,0
13,0
14,0
15,0
16,0
17,0
18,0
19,0
20,0
21,0
22,0
23,0
24,0
25,0
26,0
27,0
28,0
29,0
30,0
31,0
32,0
33,0
34,0
35,0
36,0
37,0
38,0
39,0
40,0
41,0
42,0
43,0
44,0
45,0
46,0
47,0
48,0
49,0
50,0
51,0
52,0
53,0
54,0
55,0
56,0
57,0
58,0
59,0
60,0
61,0
62,0
63,0
64,0
65,0
66,0
67,0
68,0
69,0
70,0
71,0
72,0
73,0
74,0
75,0
76,0
77,0
78,0
79,0
80,0
81,0
82,0
83,0
84,0
85,0
86,0
87,0
88,0
89,0
90,0
91,0
92,0
93,0
94,0
95,0
96,0
97,0
98,0
99,0
100,0
101,0
102,0
103,0
104,0
105,0
106,0
107,0
108,0
109,0
110,0
111,0
112,0
113,0
114,0
115,0
116,0
117,0
118,0
119,0
120,0
121,0
122,0
123,0
124,0
125,0
126,0
127,0
128,0
129,0
130,0
131,0
132,0
133,0
134,0
135,0
136,0
137,0
138,0
139,0
140,0
141,0
142,0
143,0
144,0
145,0
146,0
147,0
148,0
149,0
150,0
151,0
152,0
153,0
154,0
155,0
156,0
157,0
158,0
159,0
160,0
161,0
162,0
163,0
164,0
165,0
166,0
167,0
168,0
169,0
170,0
171,0
172,0
173,0
174,0
175,0
176,0
177,0
178,0
179,0
180,0
181,0
182,0
183,0
184,0
185,0
186,0
187,0
188,0
189,0
190,0
191,0
192,0
193,0
194,0
195,0
196,0
197,0
198,0
199,0
200,0
201,0
202,0
203,0
204,0
205,0
206,0
207,0
208,0
209,0
210,0
211,0
212,0
213,0
214,0
215,0
216,0
217,0
218,0
219,0
220,0
221,0
222,0
223,0
224,0
225,0
226,0
227,0
228,0
229,0
230,0
231,0
232,0
233,0
234,0
235,0
236,0
237,0
238,0
239,0
240,0
241,0
242,0
243,0
244,0
245,0
246,0
247,0
248,0
249,0
250,0
251,0
252,0
253,0
254,0
255,0
256,0
257,0
258,0
259,0
260,0
261,0
262,0
263,0
264,0
265,0
266,0
267,0
268,0
269,0
270,0
271,0
272,0
273,0
274,0
275,0
276,0
277,0
278,0
279,0
280,0
281,0
282,0
283,0
284,0
285,0
286,0
287,0
288,0
289,0
290,0
291,0
292,0
293,0
294,0
295,0
296,0
297,0
298,0
299,0
300,0
301,0
302,0
303,0
304,0
305,0
306,0
307,0
308,0
309,0
310,0
311,0
312,0
313,0
314,0
315,0
316,0
317,0
318,0
319,0
320,0
321,0
322,0
323,0
324,0
325,0
326,0
327,0
328,0
329,0
330,0
331,0
332,0
333,0
334,0
335,0
336,0
337,0
338,0
339,0
340,0
341,0
342,0
343,0
344,0
345,0
346,0
347,0
348,0
349,0
350,0
351,0
352,0
353,0
354,0
355,0
356,0
357,0
358,0
359,0
360,0
361,0
362,0
363,0
364,0
365,0
366,0
367,0
368,0
369,0
370,0
371,0
372,0
373,0
374,0
375,0
376,0
377,0
378,0
379,0
380,0
381,0
382,0
383,0
384,0
385,0
386,0
387,0
388,0
389,0
390,0
391,0
392,0
393,0
394,0
395,0
396,0
397,0
398,0
399,0
400,0
401,0
402,0
403,0
404,0
405,0
406,0
407,0
408,0
409,0
410,0
411,0
412,0
413,0
414,0
415,0
416,0
417,0
418,0
419,0
420,0
421,0
422,0
423,0
424,0
425,0
426,0
427,0
428,0
429,0
430,0
431,0
432,0
433,0
434,0
435,0
436,0
437,0
438,0
439,0
440,0
441,0
442,0
443,0
444,0
445,0
446,0
447,0
448,0
449,0
450,0
451,0
452,0
453,0
454,0
455,0
456,0
457,0
458,0
459,0
460,0
461,0
462,0
463,0
464,0
465,0
466,0
467,0
468,0
469,0
470,0
471,0
472,0
473,0
474,0
475,0
476,0
477,0
478,0
479,0
480,0
481,0
482,0
483,0
484,0
485,0
486,0
487,0
488,0
489,0
490,0
491,0
492,0
493,0
494,0
495,0
496,0
497,0
498,0
499,0
500,0
501,0
502,0
503,0
504,0
505,0
506,0
507,0
508,0
509,0
510,0
511,0
512,0
513,0
514,0
515,0
516,0
517,0
518,0
519,0
520,0
521,0
522,0
523,0
524,0
525,0
526,0
527,0
528,0
529,0
530,0
531,0
532,0
533,0
534,0
535,0
536,0
537,0
538,0
539,0
540,0
541,0
542,0
543,0
544,0
545,0
546,0
547,0
548,0
549,0
550,0
551,0
552,0
553,0
554,0
555,0
556,0
557,0
558,0
559,0
560,0
561,0
562,0
563,0
564,0
565,0
566,0
567,0
568,0
569,0
570,0
571,0
572,0
573,0
574,0
575,0
576,0
577,0
578,0
579,0
580,0
581,0
582,0
583,0
584,0
585,0
586,0
587,0
588,0
589,0
590,0
591,0
592,0
593,0
594,0
595,0
596,0
597,0
598,0
599,0
600,0
601,0
602,0
603,0
604,0
605,0
606,0
607,0
608,0
609,0
610,0
611,0
612,0
613,0
614,0
615,0
616,0
617,0
618,0
619,0
620,0
621,0
622,0
623,0
624,0
625,0
626,0
627,0
628,0
629,0
630,0
631,0
632,0
633,0
634,0
635,0
636,0
637,0
638,0
639,0
640,0
641,0
642,0
643,0
644,0
645,0
646,0
647,0
648,0
649,0
650,0
651,0
652,0
653,0
654,0
655,0
656,0
657,0
658,0
659,0
660,0
661,0
662,0
663,0
664,0
665,0
666,0
667,0
668,0
669,0
670,0
671,0
672,0
673,0
674,0
675,0
676,0
677,0
678,0
679,0
680,0
681,0
682,0
683,0
684,0
685,0
686,0
687,0
688,0
689,0
690,0
691,0
692,0
693,0
694,0
695,0
696,0
697,0
698,0
699,0
700,0
701,0
702,0
703,0
704,0
705,0
706,0
707,0
708,0
709,0
710,0
711,0
712,0
713,0
714,0
715,0
716,0
717,0
718,0
719,0
720,0
721,0
722,0
723,0
724,0
725,0
726,0
727,0
728,0
729,1
730,1
731,1
732,1
733,1
734,1
735,1
736,1
737,1
738,1
739,1
740,1
741,1
742,1
743,1
744,1
745,1
746,1
747,1
748,1
749,1
750,1
751,1
752,1
753,1
754,1
755,1
756,1
757,1
758,1
759,1
760,1
761,1
762,1
763,1
764,1
765,1
766,1
767,1
768,1
769,1
770,1
771,1
772,1
773,1
774,1
775,1
776,1
777,1
778,1
779,1
780,1
781,1
782,1
783,1
784,1
785,1
786,1
787,1
788,1
789,1
790,1
791,1
792,1
793,1
794,1
795,1
796,1
797,1
798,1
799,1
800,1
801,1
802,1
803,1
804,1
805,1
806,1
807,1
808,1
809,1
810,1
811,1
812,1
813,1
814,1
815,1
816,1
817,1
818,1
819,1
820,1
821,1
822,1
823,1
824,1
825,1
826,1
827,1
828,1
829,1
830,1
831,1
832,1
833,1
834,1
835,1
836,1
837,1
838,1
839,1
840,1
841,1
842,1
843,1
844,1
845,1
846,1
847,1
848,1
849,1
850,1
851,1
852,1
853,1
854,1
855,1
856,1
857,1
858,1
859,1
860,1
861,1
862,1
863,1
864,1
865,1
866,1
867,1
868,1
869,1
870,1
871,1
872,1
873,1
874,1
875,1
876,1
877,1
878,1
879,1
880,1
881,1
882,1
883,1
884,1
885,1
886,1
887,1
888,1
889,1
890,1
891,1
892,1
893,1
894,1
895,1
896,1
897,1
898,1
899,1
900,1
901,1
902,1
903,1
904,1
905,1
906,1
907,1
908,1
909,1
910,1
911,1
912,1
913,1
914,1
915,1
916,1
917,1
918,1
919,1
920,1
921,1
922,1
923,1
924,1
925,1
926,1
927,1
928,1
929,1
930,1
931,1
932,1
933,1
934,1
935,1
936,1
937,1
938,1
939,1
940,1
941,1
942,1
943,1
944,1
945,1
946,1
947,1
948,1
949,1
950,1
951,1
952,1
953,1
954,1
955,1
956,1
957,1
958,1
959,1
960,1
961,1
962,1
963,1
964,1
965,1
966,1
967,1
968,1
969,1
970,1
971,1
972,1
973,1
974,1
975,1
976,1
977,1
978,1
979,1
980,1
981,1
982,1
983,1
984,1
985,1
986,1
987,1
988,1
989,1
990,1
991,1
992,1
993,1
994,1
995,1
996,1
997,1
998,1
999,1
1000,1
1001,1
1002,1
1003,1
1004,1
1005,1
1006,1
1007,1
1008,1
1009,1
1010,1
1011,1
1012,1
1013,1
1014,1
1015,1
1016,1
1017,1
1018,1
1019,1
1020,1
1021,1
1022,1
1023,1
1024,1
1025,1
1026,1
1027,1
1028,1
1029,1
1030,1
1031,1
1032,1
1033,1
1034,1
1035,1
1036,1
1037,1
1038,1
1039,1
1040,1
1041,1
1042,1
1043,1
1044,1
1045,1
1046,1
1047,1
1048,1
1049,1
1050,1
1051,1
1052,1
1053,1
1054,1
1055,1
1056,1
1057,1
1058,1
1059,1
1060,1
1061,1
1062,1
1063,1
1064,1
1065,1
1066,1
1067,1
1068,1
1069,1
1070,1
1071,1
1072,1
1073,1
1074,1
1075,1
1076,1
1077,1
1078,1
1079,1
1080,1
1081,1
1082,1
1083,1
1084,1
1085,1
1086,1
1087,1
1088,1
1089,1
1090,1
1091,1
1092,1
1093,1
1094,1
1095,1
1096,1
1097,1
1098,1
1099,1
1100,1
1101,1
1102,1
1103,1
1104,1
1105,1
1106,1
1107,1
1108,1
1109,1
1110,1
1111,1
1112,1
1113,1
1114,1
1115,1
1116,1
1117,1
1118,1
1119,1
1120,1
1121,1
1122,1
1123,1
1124,1
1125,1
1126,1
1127,1
1128,1
1129,1
1130,1
1131,1
1132,1
1133,1
1134,1
1135,1
1136,1
1137,1
1138,1
1139,1
1140,1
1141,1
1142,1
1143,1
1144,1
1145,1
1146,1
1147,1
1148,1
1149,1
1150,1
1151,1
1152,1
1153,1
1154,1
1155,1
1156,1
1157,1
1158,1
1159,1
1160,1
1161,1
1162,1
1163,1
1164,1
1165,1
1166,1
1167,1
1168,1
1169,1
1170,1
1171,1
1172,1
1173,1
1174,1
1175,1
1176,1
1177,1
1178,1
1179,1
1180,1
1181,1
1182,1
1183,1
1184,1
1185,1
1186,1
1187,1
1188,1
1189,1
1190,1
1191,1
1192,1
1193,1
1194,1
1195,1
1196,1
1197,1
1198,1
1199,1
1200,1
1201,1
1202,1
1203,1
1204,1
1205,1
1206,1
1207,1
1208,1
1209,1
1210,1
1211,1
1212,1
1213,1
1214,1
1215,1
1216,1
1217,1
1218,1
1219,1
1220,1
1221,1
1222,1
1223,1
1224,1
1225,1
1226,1
1227,1
1228,1
1229,1
1230,1
1231,1
1232,1
1233,1
1234,1
1235,1
1236,1
1237,1
1238,1
1239,1
1240,1
1241,1
1242,1
1243,1
1244,1
1245,1
1246,1
1247,1
1248,1
1249,1
1250,1
1251,1
1252,1
1253,1
1254,1
1255,1
1256,1
1257,1
1258,1
1259,1
1260,1
1261,1
1262,1
1263,1
1264,1
1265,1
1266,1
1267,1
1268,1
1269,1
1270,1
1271,1
1272,1
1273,1
1274,1
1275,1
1276,1
1277,1
1278,1
1279,1
1280,1
1281,1
1282,1
1283,1
1284,1
1285,1
1286,1
1287,1
1288,1
1289,1
1290,1
1291,1
1292,1
1293,1
1294,1
1295,1
1296,1
1297,1
1298,1
1299,1
1300,1
1301,1
1302,1
1303,1
1304,1
1305,1
1306,1
1307,1
1308,1
1309,1
1310,1
1311,1
1312,1
1313,1
1314,1
1315,1
1316,1
1317,1
1318,1
1319,1
1320,1
1321,1
1322,1
1323,1
1324,1
1325,1
1326,1
1327,1
1328,1
1329,1
1330,1
1331,1
1332,1
1333,1
1334,1
1335,1
1336,1
1337,1
1338,1
1339,1
1340,1
1341,1
1342,1
1343,1
1344,1
1345,1
1346,1
1347,1
1348,1
1349,1
1350,1
1351,1
1352,1
1353,1
1354,1
1355,1
1356,1
1357,1
1358,1
1359,1
1360,1
1361,1
1362,1
1363,1
1364,1
1365,1
1366,1
1367,1
1368,1
1369,1
1370,1
1371,1
1372,1
1373,1
1374,1
1375,1
1376,1
1377,1
1378,1
1379,1
1380,1
1381,1
1382,1
1383,1
1384,1
1385,1
1386,1
1387,1
1388,1
1389,1
1390,1
1391,1
1392,1
1393,1
1394,1
1395,1
1396,1
1397,1
1398,1
1399,1
1400,1
1401,1
1402,1
1403,1
1404,1
1405,1
1406,1
1407,1
1408,1
1409,1
1410,1
1411,1
1412,1
1413,1
1414,1
1415,1
1416,1
1417,1
1418,1
1419,1
1420,1
1421,1
1422,1
1423,1
1424,1
1425,1
1426,1
1427,1
1428,1
1429,1
1430,1
1431,1
1432,1
1433,1
1434,1
1435,1
1436,1
1437,1
1438,1
1439,1
1440,1
1441,1
1442,1
1443,1
1444,1
1445,1
1446,1
1447,1
1448,1
1449,1
1450,1
1451,1
1452,1
1453,1
1454,1
1455,1
1456,1
1457,1
1472,2
1473,2
1474,2
1475,2
1476,2
1477,2
1478,2
1479,2
1480,2
1481,2
1482,2
1483,2
1484,2
1485,2
1486,2
1487,2
1488,2
1489,2
1490,2
1491,2
1492,2
1493,2
1494,2
1495,2
1496,2
1497,2
1498,2
1499,2
1500,2
1501,2
1502,2
1503,2
1504,2
1505,2
1506,2
1507,2
1508,2
1509,2
1510,2
1511,2
1512,2
1513,2
1514,2
1515,2
1516,2
1517,2
1518,2
1519,2
1520,2
1521,2
1522,2
1523,2
1524,2
1525,2
1526,2
1527,2
1528,2
1529,2
1530,2
1531,2
1532,2
1533,2
1534,2
1535,2
1536,2
1537,2
1538,2
1539,2
1540,2
1541,2
1542,2
1543,2
1544,2
1545,2
1546,2
1547,2
1548,2
1549,2
1550,2
1551,2
1552,2
1553,2
1554,2
1555,2
1556,2
1557,2
1558,2
1559,2
1560,2
1561,2
1562,2
1563,2
1564,2
1565,2
1566,2
1567,2
1568,2
1569,2
1570,2
1571,2
1572,2
1573,2
1574,2
1575,2
1576,2
1577,2
1578,2
1579,2
1580,2
1581,2
1582,2
1583,2
1584,2
1585,2
1586,2
1587,2
1588,2
1589,2
1590,2
1591,2
1592,2
1593,2
1594,2
1595,2
1596,2
1597,2
1598,2
1599,2
1600,2
1601,2
1602,2
1603,2
1604,2
1605,2
1606,2
1607,2
1608,2
1609,2
1610,2
1611,2
1612,2
1613,2
1614,2
1615,2
1616,2
1617,2
1618,2
1619,2
1620,2
1621,2
1622,2
1623,2
1624,2
1625,2
1626,2
1627,2
1628,2
1629,2
1630,2
1631,2
1632,2
1633,2
1634,2
1635,2
1636,2
1637,2
1638,2
1639,2
1640,2
1641,2
1642,2
1643,2
1644,2
1645,2
1646,2
1647,2
1648,2
1649,2
1650,2
1651,2
1652,2
1653,2
1654,2
1655,2
1656,2
1657,2
1658,2
1659,2
1660,2
1661,2
1662,2
1663,2
1664,2
1665,2
1666,2
1667,2
1668,2
1669,2
1670,2
1671,2
1672,2
1673,2
1674,2
1675,2
1676,2
1677,2
1678,2
1679,2
1680,2
1681,2
1682,2
1683,2
1684,2
1685,2
1686,2
1687,2
1688,2
1689,2
1690,2
1691,2
1692,2
1693,2
1694,2
1695,2
1696,2
1697,2
1698,2
1699,2
1700,2
1701,2
1702,2
1703,2
1704,2
1705,2
1706,2
1707,2
1708,2
1709,2
1710,2
1711,2
1712,2
1713,2
1714,2
1715,2
1716,2
1717,2
1718,2
1719,2
1720,2
1721,2
1722,2
1723,2
1724,2
1725,2
1726,2
1727,2
1728,2
1729,2
1730,2
1731,2
1732,2
1733,2
1734,2
1735,2
1736,2
1737,2
1738,2
1739,2
1740,2
1741,2
1742,2
1743,2
1744,2
1745,2
1746,2
1747,2
1748,2
1749,2
1750,2
1751,2
1752,2
1753,2
1754,2
1755,2
1756,2
1757,2
1758,2
1759,2
1760,2
1761,2
1762,2
1763,2
1764,2
1765,2
1766,2
1767,2
1768,2
1769,2
1770,2
1771,2
1772,2
1773,2
1774,2
1775,2
1776,2
1777,2
1778,2
1779,2
1780,2
1781,2
1782,2
1783,2
1784,2
1785,2
1786,2
1787,2
1788,2
1789,2
1790,2
1791,2
1792,2
1793,2
1794,2
1795,2
1796,2
1797,2
1798,2
1799,2
1800,2
1801,2
1802,2
1803,2
1804,2
1805,2
1806,2
1807,2
1808,2
1809,2
1810,2
1811,2
1812,2
1813,2
1814,2
1815,2
1816,2
1817,2
1818,2
1819,2
1820,2
1821,2
1822,2
1823,2
1824,2
1825,2
1826,2
1827,2
1828,2
1829,2
1830,2
1831,2
1832,2
1833,2
1834,2
1835,2
1836,2
1837,2
1838,2
1839,2
1840,2
1841,2
1842,2
1843,2
1844,2
1845,2
1846,2
1847,2
1848,2
1849,2
1850,2
1851,2
1852,2
1853,2
1854,2
1855,2
1856,2
1857,2
1858,2
1859,2
1860,2
1861,2
1862,2
1863,2
1864,2
1865,2
1866,2
1867,2
1868,2
1869,2
1870,2
1871,2
1872,2
1873,2
1874,2
1875,2
1876,2
1877,2
1878,2
1879,2
1880,2
1881,2
1882,2
1883,2
1884,2
1885,2
1886,2
1887,2
1888,2
1889,2
1890,2
1891,2
1892,2
1893,2
1894,2
1895,2
1896,2
1897,2
1898,2
1899,2
1900,2
1901,2
1902,2
1903,2
1904,2
1905,2
1906,2
1907,2
1908,2
1909,2
1910,2
1911,2
1912,2
1913,2
1914,2
1915,2
1916,2
1917,2
1918,2
1919,2
1920,2
1921,2
1922,2
1923,2
1924,2
1925,2
1926,2
1927,2
1928,2
1929,2
1930,2
1931,2
1932,2
1933,2
1934,2
1935,2
1936,2
1937,2
1938,2
1939,2
1940,2
1941,2
1942,2
1943,2
1944,2
1945,2
1946,2
1947,2
1948,2
1949,2
1950,2
1951,2
1952,2
1953,2
1954,2
1955,2
1956,2
1957,2
1958,2
1959,2
1960,2
1961,2
1962,2
1963,2
1964,2
1965,2
1966,2
1967,2
1968,2
1969,2
1970,2
1971,2
1972,2
1973,2
1974,2
1975,2
1976,2
1977,2
1978,2
1979,2
1980,2
1981,2
1982,2
1983,2
1984,2
1985,2
1986,2
1987,2
1988,2
1989,2
1990,2
1991,2
1992,2
1993,2
1994,2
1995,2
1996,2
1997,2
1998,2
1999,2
2000,2
2001,2
2002,2
2003,2
2004,2
2005,2
2006,2
2007,2
2008,2
2009,2
2010,2
2011,2
2012,2
2013,2
2014,2
2015,2
2016,2
2017,2
2018,2
2019,2
2020,2
2021,2
2022,2
2023,2
2024,2
2025,2
2026,2
2027,2
2028,2
2029,2
2030,2
2031,2
2032,2
2033,2
2034,2
2035,2
2036,2
2037,2
2038,2
2039,2
2040,2
2041,2
2042,2
2043,2
2044,2
2045,2
2046,2
2047,2
2048,2
2049,2
2050,2
2051,2
2052,2
2053,2
2054,2
2055,2
2056,2
2057,2
2058,2
2059,2
2060,2
2061,2
2062,2
2063,2
2064,2
2065,2
2066,2
2067,2
2068,2
2069,2
2070,2
2071,2
2072,2
2073,2
2074,2
2075,2
2076,2
2077,2
2078,2
2079,2
2080,2
2081,2
2082,2
2083,2
2084,2
2085,2
2086,2
2087,2
2088,2
2089,2
2090,2
2091,2
2092,2
2093,2
2094,2
2095,2
2096,2
2097,2
2098,2
2099,2
2100,2
2101,2
2102,2
2103,2
2104,2
2105,2
2106,2
2107,2
2108,2
2109,2
2110,2
2111,2
2112,2
2113,2
2114,2
2115,2
2116,2
2117,2
2118,2
2119,2
2120,2
2121,2
2122,2
2123,2
2124,2
2125,2
2126,2
2127,2
2128,2
2129,2
2130,2
2131,2
2132,2
2133,2
2134,2
2135,2
2136,2
2137,2
2138,2
2139,2
2140,2
2141,2
2142,2
2143,2
2144,2
2145,2
2146,2
2147,2
2148,2
2149,2
2150,2
2151,2
2152,2
2153,2
2154,2
2155,2
2156,2
2157,2
2158,2
2159,2
2160,2
2161,2
2162,2
2163,2
2164,2
2165,2
2166,2
2167,2
2168,2
2169,2
2170,2
2171,2
2172,2
2173,2
2174,2
2175,2
2176,2
2177,2
2178,2
2179,2
2180,2
2181,2
2182,2
2183,2
2184,2
2185,2
2186,2
2187,2
2188,2
2189,2
2190,2
2191,2
2192,2
2193,2
2194,2
2195,2
2196,2
2197,2
2198,2
2199,2
2200,2
2219,3
2220,3
2221,3
2222,3
2223,3
2224,3
2225,3
2226,3
2227,3
2228,3
2229,3
2230,3
2231,3
2232,3
2233,3
2234,3
2235,3
2236,3
2237,3
2238,3
2239,3
2240,3
2241,3
2242,3
2243,3
2244,3
2245,3
2246,3
2247,3
2248,3
2249,3
2250,3
2251,3
2252,3
2253,3
2254,3
2255,3
2256,3
2257,3
2258,3
2259,3
2260,3
2261,3
2262,3
2263,3
2264,3
2265,3
2266,3
2267,3
2268,3
2269,3
2270,3
2271,3
2272,3
2273,3
2274,3
2275,3
2276,3
2277,3
2278,3
2279,3
2280,3
2281,3
2282,3
2283,3
2284,3
2285,3
2286,3
2287,3
2288,3
2289,3
2290,3
2291,3
2292,3
2293,3
2294,3
2295,3
2296,3
2297,3
2298,3
2299,3
2300,3
2301,3
2302,3
2303,3
2304,3
2305,3
2306,3
2307,3
2308,3
2309,3
2310,3
2311,3
2312,3
2313,3
2314,3
2315,3
2316,3
2317,3
2318,3
2319,3
2320,3
2321,3
2322,3
2323,3
2324,3
2325,3
2326,3
2327,3
2328,3
2329,3
2330,3
2331,3
2332,3
2333,3
2334,3
2335,3
2336,3
2337,3
2338,3
2339,3
2340,3
2341,3
2342,3
2343,3
2344,3
2345,3
2346,3
2347,3
2348,3
2349,3
2350,3
2351,3
2352,3
2353,3
2354,3
2355,3
2356,3
2357,3
2358,3
2359,3
2360,3
2361,3
2362,3
2363,3
2364,3
2365,3
2366,3
2367,3
2368,3
2369,3
2370,3
2371,3
2372,3
2373,3
2374,3
2375,3
2376,3
2377,3
2378,3
2379,3
2380,3
2381,3
2382,3
2383,3
2384,3
2385,3
2386,3
2387,3
2388,3
2389,3
2390,3
2391,3
2392,3
2393,3
2394,3
2395,3
2396,3
2397,3
2398,3
2399,3
2400,3
2401,3
2402,3
2403,3
2404,3
2405,3
2406,3
2407,3
2408,3
2409,3
2410,3
2411,3
2412,3
2413,3
2414,3
2415,3
2416,3
2417,3
2418,3
2419,3
2420,3
2421,3
2422,3
2423,3
2424,3
2425,3
2426,3
2427,3
2428,3
2429,3
2430,3
2431,3
2432,3
2433,3
2434,3
2435,3
2436,3
2437,3
2438,3
2439,3
2440,3
2441,3
2442,3
2443,3
2444,3
2445,3
2446,3
2447,3
2448,3
2449,3
2450,3
2451,3
2452,3
2453,3
2454,3
2455,3
2456,3
2457,3
2458,3
2459,3
2460,3
2461,3
2462,3
2463,3
2464,3
2465,3
2466,3
2467,3
2468,3
2469,3
2470,3
2471,3
2472,3
2473,3
2474,3
2475,3
2476,3
2477,3
2478,3
2479,3
2480,3
2481,3
2482,3
2483,3
2484,3
2485,3
2486,3
2487,3
2488,3
2489,3
2490,3
2491,3
2492,3
2493,3
2494,3
2495,3
2496,3
2497,3
2498,3
2499,3
2500,3
2501,3
2502,3
2503,3
2504,3
2505,3
2506,3
2507,3
2508,3
2509,3
2510,3
2511,3
2512,3
2513,3
2514,3
2515,3
2516,3
2517,3
2518,3
2519,3
2520,3
2521,3
2522,3
2523,3
2524,3
2525,3
2526,3
2527,3
2528,3
2529,3
2530,3
2531,3
2532,3
2533,3
2534,3
2535,3
2536,3
2537,3
2538,3
2539,3
2540,3
2541,3
2542,3
2543,3
2544,3
2545,3
2546,3
2547,3
2548,3
2549,3
2550,3
2551,3
2552,3
2553,3
2554,3
2555,3
2556,3
2557,3
2558,3
2559,3
2560,3
2561,3
2562,3
2563,3
2564,3
2565,3
2566,3
2567,3
2568,3
2569,3
2570,3
2571,3
2572,3
2573,3
2574,3
2575,3
2576,3
2577,3
2578,3
2579,3
2580,3
2581,3
2582,3
2583,3
2584,3
2585,3
2586,3
2587,3
2588,3
2589,3
2590,3
2591,3
2592,3
2593,3
2594,3
2595,3
2596,3
2597,3
2598,3
2599,3
2600,3
2601,3
2602,3
2603,3
2604,3
2605,3
2606,3
2607,3
2608,3
2609,3
2610,3
2611,3
2612,3
2613,3
2614,3
2615,3
2616,3
2617,3
2618,3
2619,3
2620,3
2621,3
2622,3
2623,3
2624,3
2625,3
2626,3
2627,3
2628,3
2629,3
2630,3
2631,3
2632,3
2633,3
2634,3
2635,3
2636,3
2637,3
2638,3
2639,3
2640,3
2641,3
2642,3
2643,3
2644,3
2645,3
2646,3
2647,3
2648,3
2649,3
2650,3
2651,3
2652,3
2653,3
2654,3
2655,3
2656,3
2657,3
2658,3
2659,3
2660,3
2661,3
2662,3
2663,3
2664,3
2665,3
2666,3
2667,3
2668,3
2669,3
2670,3
2671,3
2672,3
2673,3
2674,3
2675,3
2676,3
2677,3
2678,3
2679,3
2680,3
2681,3
2682,3
2683,3
2684,3
2685,3
2686,3
2687,3
2688,3
2689,3
2690,3
2691,3
2692,3
2693,3
2694,3
2695,3
2696,3
2697,3
2698,3
2699,3
2700,3
2701,3
2702,3
2703,3
2704,3
2705,3
2706,3
2707,3
2708,3
2709,3
2710,3
2711,3
2712,3
2713,3
2714,3
2715,3
2716,3
2717,3
2718,3
2719,3
2720,3
2721,3
2722,3
2723,3
2724,3
2725,3
2726,3
2727,3
2728,3
2729,3
2730,3
2731,3
2732,3
2733,3
2734,3
2735,3
2736,3
2737,3
2738,3
2739,3
2740,3
2741,3
2742,3
2743,3
2744,3
2745,3
2746,3
2747,3
2748,3
2749,3
2750,3
2751,3
2752,3
2753,3
2754,3
2755,3
2756,3
2757,3
2758,3
2759,3
2760,3
2761,3
2762,3
2763,3
2764,3
2765,3
2766,3
2767,3
2768,3
2769,3
2770,3
2771,3
2772,3
2773,3
2774,3
2775,3
2776,3
2777,3
2778,3
2779,3
2780,3
2781,3
2782,3
2783,3
2784,3
2785,3
2786,3
2787,3
2788,3
2789,3
2790,3
2791,3
2792,3
2793,3
2794,3
2795,3
2796,3
2797,3
2798,3
2799,3
2800,3
2801,3
2802,3
2803,3
2804,3
2805,3
2806,3
2807,3
2808,3
2809,3
2810,3
2811,3
2812,3
2813,3
2814,3
2815,3
2816,3
2817,3
2818,3
2819,3
2820,3
2821,3
2822,3
2823,3
2824,3
2825,3
2826,3
2827,3
2828,3
2829,3
2830,3
2831,3
2832,3
2833,3
2834,3
2835,3
2836,3
2837,3
2838,3
2839,3
2840,3
2841,3
2842,3
2843,3
2844,3
2845,3
2846,3
2847,3
2848,3
2849,3
2850,3
2851,3
2852,3
2853,3
2854,3
2855,3
2856,3
2857,3
2858,3
2859,3
2860,3
2861,3
2862,3
2863,3
2864,3
2865,3
2866,3
2867,3
2868,3
2869,3
2870,3
2871,3
2872,3
2873,3
2874,3
2875,3
2876,3
2877,3
2878,3
2879,3
2880,3
2881,3
2882,3
2883,3
2884,3
2885,3
2886,3
2887,3
2888,3
2889,3
2890,3
2891,3
2892,3
2893,3
2894,3
2895,3
2896,3
2897,3
2898,3
2899,3
2900,3
2901,3
2902,3
2903,3
2904,3
2905,3
2906,3
2907,3
2908,3
2909,3
2910,3
2911,3
2912,3
2913,3
2914,3
2915,3
2916,3
2917,3
2918,3
2919,3
2920,3
2921,3
2922,3
2923,3
2924,3
2925,3
2926,3
2927,3
2928,3
2929,3
2930,3
2931,3
2932,3
2933,3
2934,3
2935,3
2936,3
2937,3
2938,3
2939,3
2940,3
2941,3
2942,3
2943,3
2944,3
2945,3
2946,3
2947,3
3008,4
3009,4
3010,4
3011,4
3012,4
3013,4
3014,4
3015,4
3016,4
3017,4
3018,4
3019,4
3020,4
3021,4
3022,4
3023,4
3024,4
3025,4
3026,4
3027,4
3028,4
3029,4
3030,4
3031,4
3032,4
3033,4
3034,4
3035,4
3036,4
3037,4
3038,4
3039,4
3040,4
3041,4
3042,4
3043,4
3044,4
3045,4
3046,4
3047,4
3048,4
3049,4
3050,4
3051,4
3052,4
3053,4
3054,4
3055,4
3056,4
3057,4
3058,4
3059,4
3060,4
3061,4
3062,4
3063,4
3064,4
3065,4
3066,4
3067,4
3068,4
3069,4
3070,4
3071,4
3072,4
3073,4
3074,4
3075,4
3076,4
3077,4
3078,4
3079,4
3080,4
3081,4
3082,4
3083,4
3084,4
3085,4
3086,4
3087,4
3088,4
3089,4
3090,4
3091,4
3092,4
3093,4
3094,4
3095,4
3096,4
3097,4
3098,4
3099,4
3100,4
3101,4
3102,4
3103,4
3104,4
3105,4
3106,4
3107,4
3108,4
3109,4
3110,4
3111,4
3112,4
3113,4
3114,4
3115,4
3116,4
3117,4
3118,4
3119,4
3120,4
3121,4
3122,4
3123,4
3124,4
3125,4
3126,4
3127,4
3128,4
3129,4
3130,4
3131,4
3132,4
3133,4
3134,4
3135,4
3136,4
3137,4
3138,4
3139,4
3140,4
3141,4
3142,4
3143,4
3144,4
3145,4
3146,4
3147,4
3148,4
3149,4
3150,4
3151,4
3152,4
3153,4
3154,4
3155,4
3156,4
3157,4
3158,4
3159,4
3160,4
3161,4
3162,4
3163,4
3164,4
3165,4
3166,4
3167,4
3168,4
3169,4
3170,4
3171,4
3172,4
3173,4
3174,4
3175,4
3176,4
3177,4
3178,4
3179,4
3180,4
3181,4
3182,4
3183,4
3184,4
3185,4
3186,4
3187,4
3188,4
3189,4
3190,4
3191,4
3192,4
3193,4
3194,4
3195,4
3196,4
3197,4
3198,4
3199,4
3200,4
3201,4
3202,4
3203,4
3204,4
3205,4
3206,4
3207,4
3208,4
3209,4
3210,4
3211,4
3212,4
3213,4
3214,4
3215,4
3216,4
3217,4
3218,4
3219,4
3220,4
3221,4
3222,4
3223,4
3224,4
3225,4
3226,4
3227,4
3228,4
3229,4
3230,4
3231,4
3232,4
3233,4
3234,4
3235,4
3236,4
3237,4
3238,4
3239,4
3240,4
3241,4
3242,4
3243,4
3244,4
3245,4
3246,4
3247,4
3248,4
3249,4
3250,4
3251,4
3252,4
3253,4
3254,4
3255,4
3256,4
3257,4
3258,4
3259,4
3260,4
3261,4
3262,4
3263,4
3264,4
3265,4
3266,4
3267,4
3268,4
3269,4
3270,4
3271,4
3272,4
3273,4
3274,4
3275,4
3276,4
3277,4
3278,4
3279,4
3280,4
3281,4
3282,4
3283,4
3284,4
3285,4
3286,4
3287,4
3288,4
3289,4
3290,4
3291,4
3292,4
3293,4
3294,4
3295,4
3296,4
3297,4
3298,4
3299,4
3300,4
3301,4
3302,4
3303,4
3304,4
3305,4
3306,4
3307,4
3308,4
3309,4
3310,4
3311,4
3312,4
3313,4
3314,4
3315,4
3316,4
3317,4
3318,4
3319,4
3320,4
3321,4
3322,4
3323,4
3324,4
3325,4
3326,4
3327,4
3328,4
3329,4
3330,4
3331,4
3332,4
3333,4
3334,4
3335,4
3336,4
3337,4
3338,4
3339,4
3340,4
3341,4
3342,4
3343,4
3344,4
3345,4
3346,4
3347,4
3348,4
3349,4
3350,4
3351,4
3352,4
3353,4
3354,4
3355,4
3356,4
3357,4
3358,4
3359,4
3360,4
3361,4
3362,4
3363,4
3364,4
3365,4
3366,4
3367,4
3368,4
3369,4
3370,4
3371,4
3372,4
3373,4
3374,4
3375,4
3376,4
3377,4
3378,4
3379,4
3380,4
3381,4
3382,4
3383,4
3384,4
3385,4
3386,4
3387,4
3388,4
3389,4
3390,4
3391,4
3392,4
3393,4
3394,4
3395,4
3396,4
3397,4
3398,4
3399,4
3400,4
3401,4
3402,4
3403,4
3404,4
3405,4
3406,4
3407,4
3408,4
3409,4
3410,4
3411,4
3412,4
3413,4
3414,4
3415,4
3416,4
3417,4
3418,4
3419,4
3420,4
3421,4
3422,4
3423,4
3424,4
3425,4
3426,4
3427,4
3428,4
3429,4
3430,4
3431,4
3432,4
3433,4
3434,4
3435,4
3436,4
3437,4
3438,4
3439,4
3440,4
3441,4
3442,4
3443,4
3444,4
3445,4
3446,4
3447,4
3448,4
3449,4
3450,4
3451,4
3452,4
3453,4
3454,4
3455,4
3456,4
3457,4
3458,4
3459,4
3460,4
3461,4
3462,4
3463,4
3464,4
3465,4
3466,4
3467,4
3468,4
3469,4
3470,4
3471,4
3472,4
3473,4
3474,4
3475,4
3476,4
3477,4
3478,4
3479,4
3480,4
3481,4
3482,4
3483,4
3484,4
3485,4
3486,4
3487,4
3488,4
3489,4
3490,4
3491,4
3492,4
3493,4
3494,4
3495,4
3496,4
3497,4
3498,4
3499,4
3500,4
3501,4
3502,4
3503,4
3504,4
3505,4
3506,4
3507,4
3508,4
3509,4
3510,4
3511,4
3512,4
3513,4
3514,4
3515,4
3516,4
3517,4
3518,4
3519,4
3520,4
3521,4
3522,4
3523,4
3524,4
3525,4
3526,4
3527,4
3528,4
3529,4
3530,4
3531,4
3532,4
3533,4
3534,4
3535,4
3536,4
3537,4
3538,4
3539,4
3540,4
3541,4
3542,4
3543,4
3544,4
3545,4
3546,4
3547,4
3548,4
3549,4
3550,4
3551,4
3552,4
3553,4
3554,4
3555,4
3556,4
3557,4
3558,4
3559,4
3560,4
3561,4
3562,4
3563,4
3564,4
3565,4
3566,4
3567,4
3568,4
3569,4
3570,4
3571,4
3572,4
3573,4
3574,4
3575,4
3576,4
3577,4
3578,4
3579,4
3580,4
3581,4
3582,4
3583,4
3584,4
3585,4
3586,4
3587,4
3588,4
3589,4
3590,4
3591,4
3592,4
3593,4
3594,4
3595,4
3596,4
3597,4
3598,4
3599,4
3600,4
3601,4
3602,4
3603,4
3604,4
3605,4
3606,4
3607,4
3608,4
3609,4
3610,4
3611,4
3612,4
3613,4
3614,4
3615,4
3616,4
3617,4
3618,4
3619,4
3620,4
3621,4
3622,4
3623,4
3624,4
3625,4
3626,4
3627,4
3628,4
3629,4
3630,4
3631,4
3632,4
3633,4
3634,4
3635,4
3636,4
3637,4
3638,4
3639,4
3640,4
3641,4
3642,4
3643,4
3644,4
3645,4
3646,4
3647,4
3648,4
3649,4
3650,4
3651,4
3652,4
3653,4
3654,4
3655,4
3656,4
3657,4
3658,4
3659,4
3660,4
3661,4
3662,4
3663,4
3664,4
3665,4
3666,4
3667,4
3668,4
3669,4
3670,4
3671,4
3672,4
3673,4
3674,4
3675,4
3676,4
3677,4
3678,4
3679,4
3680,4
3681,4
3682,4
3683,4
3684,4
3685,4
3686,4
3687,4
3688,4
3689,4
3690,4
3691,4
3692,4
3693,4
3694,4
3695,4
3696,4
3697,4
3698,4
3699,4
3700,4
3701,4
3702,4
3703,4
3704,4
3705,4
3706,4
3707,4
3708,4
3709,4
3710,4
3711,4
3712,4
3713,4
3714,4
3715,4
3716,4
3717,4
3718,4
3719,4
3720,4
3721,4
3722,4
3723,4
3724,4
3725,4
3726,4
3727,4
3728,4
3729,4
3730,4
3731,4
3732,4
3733,4
3734,4
3735,4
3736,4
4407,5
4408,5
4409,5
4410,5
4411,5
4412,5
4413,5
4414,5
4415,5
4416,5
4417,5
4418,5
4419,5
4420,5
4421,5
4422,5
4423,5
4424,5
4425,5
4426,5
4427,5
4428,5
4429,5
4430,5
4431,5
4432,5
4433,5
4434,5
4435,5
4436,5
4437,5
4438,5
4439,5
4440,5
4441,5
4442,5
4443,5
4444,5
4445,5
4446,5
4447,5
4448,5
4449,5
4450,5
4451,5
4452,5
4453,5
4454,5
4455,5
4456,5
4457,5
4458,5
4459,5
4460,5
4461,5
4462,5
4463,5
4464,5
4465,5
4466,5
4467,5
4468,5
4469,5
4470,5
4471,5
4472,5
4473,5
4474,5
4475,5
4476,5
4477,5
4478,5
4479,5
4480,5
4481,5
4482,5
4483,5
4484,5
4485,5
4486,5
4487,5
4488,5
4489,5
4490,5
4491,5
4492,5
4493,5
4494,5
4495,5
4496,5
4497,5
4498,5
4499,5
4500,5
4501,5
4502,5
4503,5
4504,5
4505,5
4506,5
4507,5
4508,5
4509,5
4510,5
4511,5
4512,5
4513,5
4514,5
4515,5
4516,5
4517,5
4518,5
4519,5
4520,5
4521,5
4522,5
4523,5
4524,5
4525,5
4526,5
4527,5
4528,5
4529,5
4530,5
4531,5
4532,5
4533,5
4534,5
4535,5
4536,5
4537,5
4538,5
4539,5
4540,5
4541,5
4542,5
4543,5
4544,5
4545,5
4546,5
4547,5
4548,5
4549,5
4550,5
4551,5
4552,5
4553,5
4554,5
4555,5
4556,5
4557,5
4558,5
4559,5
4560,5
4561,5
4562,5
4563,5
4564,5
4565,5
4566,5
4567,5
4568,5
4569,5
4570,5
4571,5
4572,5
4573,5
4574,5
4575,5
4576,5
4577,5
4578,5
4579,5
4580,5
4581,5
4582,5
4583,5
4584,5
4585,5
4586,5
4587,5
4588,5
4589,5
4590,5
4591,5
4592,5
4593,5
4594,5
4595,5
4596,5
4597,5
4598,5
4599,5
4600,5
4601,5
4602,5
4603,5
4604,5
4605,5
4606,5
4607,5
4608,5
4609,5
4610,5
4611,5
4612,5
4613,5
4614,5
4615,5
4616,5
4617,5
4618,5
4619,5
4620,5
4621,5
4622,5
4623,5
4624,5
4625,5
4626,5
4627,5
4628,5
4629,5
4630,5
4631,5
4632,5
4633,5
4634,5
4635,5
4636,5
4637,5
4638,5
4639,5
4640,5
4641,5
4642,5
4643,5
4644,5
4645,5
4646,5
4647,5
4648,5
4649,5
4650,5
4651,5
4652,5
4653,5
4654,5
4655,5
4656,5
4657,5
4658,5
4659,5
4660,5
4661,5
4662,5
4663,5
4664,5
4665,5
4666,5
4667,5
4668,5
4669,5
4670,5
4671,5
4672,5
4673,5
4674,5
4675,5
4676,5
4677,5
4678,5
4679,5
4680,5
4681,5
4682,5
4683,5
4684,5
4685,5
4686,5
4687,5
4688,5
4689,5
4690,5
4691,5
4692,5
4693,5
4694,5
4695,5
4696,5
4697,5
4698,5
4699,5
4700,5
4701,5
4702,5
4703,5
4704,5
4705,5
4706,5
4707,5
4708,5
4709,5
4710,5
4711,5
4712,5
4713,5
4714,5
4715,5
4716,5
4717,5
4718,5
4719,5
4720,5
4721,5
4722,5
4723,5
4724,5
4725,5
4726,5
4727,5
4728,5
4729,5
4730,5
4731,5
4732,5
4733,5
4734,5
4735,5
4736,5
4737,5
4738,5
4739,5
4740,5
4741,5
4742,5
4743,5
4744,5
4745,5
4746,5
4747,5
4748,5
4749,5
4750,5
4751,5
4752,5
4753,5
4754,5
4755,5
4756,5
4757,5
4758,5
4759,5
4760,5
4761,5
4762,5
4763,5
4764,5
4765,5
4766,5
4767,5
4768,5
4769,5
4770,5
4771,5
4772,5
4773,5
4774,5
4775,5
4776,5
4777,5
4778,5
4779,5
4780,5
4781,5
4782,5
4783,5
4784,5
4785,5
4786,5
4787,5
4788,5
4789,5
4790,5
4791,5
4792,5
4793,5
4794,5
4795,5
4796,5
4797,5
4798,5
4799,5
4800,5
4801,5
4802,5
4803,5
4804,5
4805,5
4806,5
4807,5
4808,5
4809,5
4810,5
4811,5
4812,5
4813,5
4814,5
4815,5
4816,5
4817,5
4818,5
4819,5
4820,5
4821,5
4822,5
4823,5
4824,5
4825,5
4826,5
4827,5
4828,5
4829,5
4830,5
4831,5
4832,5
4833,5
4834,5
4835,5
4836,5
4837,5
4838,5
4839,5
4840,5
4841,5
4842,5
4843,5
4844,5
4845,5
4846,5
4847,5
4848,5
4849,5
4850,5
4851,5
4852,5
4853,5
4854,5
4855,5
4856,5
4857,5
4858,5
4859,5
4860,5
4861,5
4862,5
4863,5
4864,5
4865,5
4866,5
4867,5
4868,5
4869,5
4870,5
4871,5
4872,5
4873,5
4874,5
4875,5
4876,5
4877,5
4878,5
4879,5
4880,5
4881,5
4882,5
4883,5
4884,5
4885,5
4886,5
4887,5
4888,5
4889,5
4890,5
4891,5
4892,5
4893,5
4894,5
4895,5
4896,5
4897,5
4898,5
4899,5
4900,5
4901,5
4902,5
4903,5
4904,5
4905,5
4906,5
4907,5
4908,5
4909,5
4910,5
4911,5
4912,5
4913,5
4914,5
4915,5
4916,5
4917,5
4918,5
4919,5
4920,5
4921,5
4922,5
4923,5
4924,5
4925,5
4926,5
4927,5
4928,5
4929,5
4930,5
4931,5
4932,5
4933,5
4934,5
4935,5
4936,5
4937,5
4938,5
4939,5
4940,5
4941,5
4942,5
4943,5
4944,5
4945,5
4946,5
4947,5
4948,5
4949,5
4950,5
4951,5
4952,5
4953,5
4954,5
4955,5
4956,5
4957,5
4958,5
4959,5
4960,5
4961,5
4962,5
4963,5
4964,5
4965,5
4966,5
4967,5
4968,5
4969,5
4970,5
4971,5
4972,5
4973,5
4974,5
4975,5
4976,5
4977,5
4978,5
4979,5
4980,5
4981,5
4982,5
4983,5
4984,5
4985,5
4986,5
4987,5
4988,5
4989,5
4990,5
4991,5
4992,5
4993,5
4994,5
4995,5
4996,5
4997,5
4998,5
4999,5
5000,5
5001,5
5002,5
5003,5
5004,5
5005,5
5006,5
5007,5
5008,5
5009,5
5010,5
5011,5
5012,5
5013,5
5014,5
5015,5
5016,5
5017,5
5018,5
5019,5
5020,5
5021,5
5022,5
5023,5
5024,5
5025,5
5026,5
5027,5
5028,5
5029,5
5030,5
5031,5
5032,5
5033,5
5034,5
5035,5
5036,5
5037,5
5038,5
5039,5
5040,5
5041,5
5042,5
5043,5
5044,5
5045,5
5046,5
5047,5
5048,5
5049,5
5050,5
5051,5
5052,5
5053,5
5054,5
5055,5
5056,5
5057,5
5058,5
5059,5
5060,5
5061,5
5062,5
5063,5
5064,5
5065,5
5066,5
5067,5
5068,5
5069,5
5070,5
5071,5
5072,5
5073,5
5074,5
5075,5
5076,5
5077,5
5078,5
5079,5
5080,5
5081,5
5082,5
5083,5
5084,5
5085,5
5086,5
5087,5
5088,5
5089,5
5090,5
5091,5
5092,5
5093,5
5094,5
5095,5
5096,5
5097,5
5098,5
5099,5
5100,5
5101,5
5102,5
5103,5
5104,5
5105,5
5106,5
5107,5
5108,5
5109,5
5110,5
5111,5
5112,5
5113,5
5114,5
5115,5
5116,5
5117,5
5118,5
5119,5
5120,5
5121,5
5122,5
5123,5
5124,5
5125,5
5126,5
5127,5
5128,5
5129,5
5130,5
5131,5
5132,5
5133,5
5134,5
5135,5
5141,6
5142,6
5143,6
5144,6
5145,6
5146,6
5147,6
5148,6
5149,6
5150,6
5151,6
5152,6
5153,6
5154,6
5155,6
5156,6
5157,6
5158,6
5159,6
5160,6
5161,6
5162,6
5163,6
5164,6
5165,6
5166,6
5167,6
5168,6
5169,6
5170,6
5171,6
5172,6
5173,6
5174,6
5175,6
5176,6
5177,6
5178,6
5179,6
5180,6
5181,6
5182,6
5183,6
5184,6
5185,6
5186,6
5187,6
5188,6
5189,6
5190,6
5191,6
5192,6
5193,6
5194,6
5195,6
5196,6
5197,6
5198,6
5199,6
5200,6
5201,6
5202,6
5203,6
5204,6
5205,6
5206,6
5207,6
5208,6
5209,6
5210,6
5211,6
5212,6
5213,6
5214,6
5215,6
5216,6
5217,6
5218,6
5219,6
5220,6
5221,6
5222,6
5223,6
5224,6
5225,6
5226,6
5227,6
5228,6
5229,6
5230,6
5231,6
5232,6
5233,6
5234,6
5235,6
5236,6
5237,6
5238,6
5239,6
5240,6
5241,6
5242,6
5243,6
5244,6
5245,6
5246,6
5247,6
5248,6
5249,6
5250,6
5251,6
5252,6
5253,6
5254,6
5255,6
5256,6
5257,6
5258,6
5259,6
5260,6
5261,6
5262,6
5263,6
5264,6
5265,6
5266,6
5267,6
5268,6
5269,6
5270,6
5271,6
5272,6
5273,6
5274,6
5275,6
5276,6
5277,6
5278,6
5279,6
5280,6
5281,6
5282,6
5283,6
5284,6
5285,6
5286,6
5287,6
5288,6
5289,6
5290,6
5291,6
5292,6
5293,6
5294,6
5295,6
5296,6
5297,6
5298,6
5299,6
5300,6
5301,6
5302,6
5303,6
5304,6
5305,6
5306,6
5307,6
5308,6
5309,6
5310,6
5311,6
5312,6
5313,6
5314,6
5315,6
5316,6
5317,6
5318,6
5319,6
5320,6
5321,6
5322,6
5323,6
5324,6
5325,6
5326,6
5327,6
5328,6
5329,6
5330,6
5331,6
5332,6
5333,6
5334,6
5335,6
5336,6
5337,6
5338,6
5339,6
5340,6
5341,6
5342,6
5343,6
5344,6
5345,6
5346,6
5347,6
5348,6
5349,6
5350,6
5351,6
5352,6
5353,6
5354,6
5355,6
5356,6
5357,6
5358,6
5359,6
5360,6
5361,6
5362,6
5363,6
5364,6
5365,6
5366,6
5367,6
5368,6
5369,6
5370,6
5371,6
5372,6
5373,6
5374,6
5375,6
5376,6
5377,6
5378,6
5379,6
5380,6
5381,6
5382,6
5383,6
5384,6
5385,6
5386,6
5387,6
5388,6
5389,6
5390,6
5391,6
5392,6
5393,6
5394,6
5395,6
5396,6
5397,6
5398,6
5399,6
5400,6
5401,6
5402,6
5403,6
5404,6
5405,6
5406,6
5407,6
5408,6
5409,6
5410,6
5411,6
5412,6
5413,6
5414,6
5415,6
5416,6
5417,6
5418,6
5419,6
5420,6
5421,6
5422,6
5423,6
5424,6
5425,6
5426,6
5427,6
5428,6
5429,6
5430,6
5431,6
5432,6
5433,6
5434,6
5435,6
5436,6
5437,6
5438,6
5439,6
5440,6
5441,6
5442,6
5443,6
5444,6
5445,6
5446,6
5447,6
5448,6
5449,6
5450,6
5451,6
5452,6
5453,6
5454,6
5455,6
5456,6
5457,6
5458,6
5459,6
5460,6
5461,6
5462,6
5463,6
5464,6
5465,6
5466,6
5467,6
5468,6
5469,6
5470,6
5471,6
5472,6
5473,6
5474,6
5475,6
5476,6
5477,6
5478,6
5479,6
5480,6
5481,6
5482,6
5483,6
5484,6
5485,6
5486,6
5487,6
5488,6
5489,6
5490,6
5491,6
5492,6
5493,6
5494,6
5495,6
5496,6
5497,6
5498,6
5499,6
5500,6
5501,6
5502,6
5503,6
5504,6
5505,6
5506,6
5507,6
5508,6
5509,6
5510,6
5511,6
5512,6
5513,6
5514,6
5515,6
5516,6
5517,6
5518,6
5519,6
5520,6
5521,6
5522,6
5523,6
5524,6
5525,6
5526,6
5527,6
5528,6
5529,6
5530,6
5531,6
5532,6
5533,6
5534,6
5535,6
5536,6
5537,6
5538,6
5539,6
5540,6
5541,6
5542,6
5543,6
5544,6
5545,6
5546,6
5547,6
5548,6
5549,6
5550,6
5551,6
5552,6
5553,6
5554,6
5555,6
5556,6
5557,6
5558,6
5559,6
5560,6
5561,6
5562,6
5563,6
5564,6
5565,6
5566,6
5567,6
5568,6
5569,6
5570,6
5571,6
5572,6
5573,6
5574,6
5575,6
5576,6
5577,6
5578,6
5579,6
5580,6
5581,6
5582,6
5583,6
5584,6
5585,6
5586,6
5587,6
5588,6
5589,6
5590,6
5591,6
5592,6
5593,6
5594,6
5595,6
5596,6
5597,6
5598,6
5599,6
5600,6
5601,6
5602,6
5603,6
5604,6
5605,6
5606,6
5607,6
5608,6
5609,6
5610,6
5611,6
5612,6
5613,6
5614,6
5615,6
5616,6
5617,6
5618,6
5619,6
5620,6
5621,6
5622,6
5623,6
5624,6
5625,6
5626,6
5627,6
5628,6
5629,6
5630,6
5631,6
5632,6
5633,6
5634,6
5635,6
5636,6
5637,6
5638,6
5639,6
5640,6
5641,6
5642,6
5643,6
5644,6
5645,6
5646,6
5647,6
5648,6
5649,6
5650,6
5651,6
5652,6
5653,6
5654,6
5655,6
5656,6
5657,6
5658,6
5659,6
5660,6
5661,6
5662,6
5663,6
5664,6
5665,6
5666,6
5667,6
5668,6
5669,6
5670,6
5671,6
5672,6
5673,6
5674,6
5675,6
5676,6
5677,6
5678,6
5679,6
5680,6
5681,6
5682,6
5683,6
5684,6
5685,6
5686,6
5687,6
5688,6
5689,6
5690,6
5691,6
5692,6
5693,6
5694,6
5695,6
5696,6
5697,6
5698,6
5699,6
5700,6
5701,6
5702,6
5703,6
5704,6
5705,6
5706,6
5707,6
5708,6
5709,6
5710,6
5711,6
5712,6
5713,6
5714,6
5715,6
5716,6
5717,6
5718,6
5719,6
5720,6
5721,6
5722,6
5723,6
5724,6
5725,6
5726,6
5727,6
5728,6
5729,6
5730,6
5731,6
5732,6
5733,6
5734,6
5735,6
5736,6
5737,6
5738,6
5739,6
5740,6
5741,6
5742,6
5743,6
5744,6
5745,6
5746,6
5747,6
5748,6
5749,6
5750,6
5751,6
5752,6
5753,6
5754,6
5755,6
5756,6
5757,6
5758,6
5759,6
5760,6
5761,6
5762,6
5763,6
5764,6
5765,6
5766,6
5767,6
5768,6
5769,6
5770,6
5771,6
5772,6
5773,6
5774,6
5775,6
5776,6
5777,6
5778,6
5779,6
5780,6
5781,6
5782,6
5783,6
5784,6
5785,6
5786,6
5787,6
5788,6
5789,6
5790,6
5791,6
5792,6
5793,6
5794,6
5795,6
5796,6
5797,6
5798,6
5799,6
5800,6
5801,6
5802,6
5803,6
5804,6
5805,6
5806,6
5807,6
5808,6
5809,6
5810,6
5811,6
5812,6
5813,6
5814,6
5815,6
5816,6
5817,6
5818,6
5819,6
5820,6
5821,6
5822,6
5823,6
5824,6
5825,6
5826,6
5827,6
5828,6
5829,6
5830,6
5831,6
5832,6
5833,6
5834,6
5835,6
5836,6
5837,6
5838,6
5839,6
5840,6
5841,6
5842,6
5843,6
5844,6
5845,6
5846,6
5847,6
5848,6
5849,6
5850,6
5851,6
5852,6
5853,6
5854,6
5855,6
5856,6
5857,6
5858,6
5859,6
5860,6
5861,6
5862,6
5863,6
5864,6
5865,6
5866,6
5867,6
5868,6
5869,6
5881,7
5882,7
5883,7
5884,7
5885,7
5886,7
5887,7
5888,7
5889,7
5890,7
5891,7
5892,7
5893,7
5894,7
5895,7
5896,7
5897,7
5898,7
5899,7
5900,7
5901,7
5902,7
5903,7
5904,7
5905,7
5906,7
5907,7
5908,7
5909,7
5910,7
5911,7
5912,7
5913,7
5914,7
5915,7
5916,7
5917,7
5918,7
5919,7
5920,7
5921,7
5922,7
5923,7
5924,7
5925,7
5926,7
5927,7
5928,7
5929,7
5930,7
5931,7
5932,7
5933,7
5934,7
5935,7
5936,7
5937,7
5938,7
5939,7
5940,7
5941,7
5942,7
5943,7
5944,7
5945,7
5946,7
5947,7
5948,7
5949,7
5950,7
5951,7
5952,7
5953,7
5954,7
5955,7
5956,7
5957,7
5958,7
5959,7
5960,7
5961,7
5962,7
5963,7
5964,7
5965,7
5966,7
5967,7
5968,7
5969,7
5970,7
5971,7
5972,7
5973,7
5974,7
5975,7
5976,7
5977,7
5978,7
5979,7
5980,7
5981,7
5982,7
5983,7
5984,7
5985,7
5986,7
5987,7
5988,7
5989,7
5990,7
5991,7
5992,7
5993,7
5994,7
5995,7
5996,7
5997,7
5998,7
5999,7
6000,7
6001,7
6002,7
6003,7
6004,7
6005,7
6006,7
6007,7
6008,7
6009,7
6010,7
6011,7
6012,7
6013,7
6014,7
6015,7
6016,7
6017,7
6018,7
6019,7
6020,7
6021,7
6022,7
6023,7
6024,7
6025,7
6026,7
6027,7
6028,7
6029,7
6030,7
6031,7
6032,7
6033,7
6034,7
6035,7
6036,7
6037,7
6038,7
6039,7
6040,7
6041,7
6042,7
6043,7
6044,7
6045,7
6046,7
6047,7
6048,7
6049,7
6050,7
6051,7
6052,7
6053,7
6054,7
6055,7
6056,7
6057,7
6058,7
6059,7
6060,7
6061,7
6062,7
6063,7
6064,7
6065,7
6066,7
6067,7
6068,7
6069,7
6070,7
6071,7
6072,7
6073,7
6074,7
6075,7
6076,7
6077,7
6078,7
6079,7
6080,7
6081,7
6082,7
6083,7
6084,7
6085,7
6086,7
6087,7
6088,7
6089,7
6090,7
6091,7
6092,7
6093,7
6094,7
6095,7
6096,7
6097,7
6098,7
6099,7
6100,7
6101,7
6102,7
6103,7
6104,7
6105,7
6106,7
6107,7
6108,7
6109,7
6110,7
6111,7
6112,7
6113,7
6114,7
6115,7
6116,7
6117,7
6118,7
6119,7
6120,7
6121,7
6122,7
6123,7
6124,7
6125,7
6126,7
6127,7
6128,7
6129,7
6130,7
6131,7
6132,7
6133,7
6134,7
6135,7
6136,7
6137,7
6138,7
6139,7
6140,7
6141,7
6142,7
6143,7
6144,7
6145,7
6146,7
6147,7
6148,7
6149,7
6150,7
6151,7
6152,7
6153,7
6154,7
6155,7
6156,7
6157,7
6158,7
6159,7
6160,7
6161,7
6162,7
6163,7
6164,7
6165,7
6166,7
6167,7
6168,7
6169,7
6170,7
6171,7
6172,7
6173,7
6174,7
6175,7
6176,7
6177,7
6178,7
6179,7
6180,7
6181,7
6182,7
6183,7
6184,7
6185,7
6186,7
6187,7
6188,7
6189,7
6190,7
6191,7
6192,7
6193,7
6194,7
6195,7
6196,7
6197,7
6198,7
6199,7
6200,7
6201,7
6202,7
6203,7
6204,7
6205,7
6206,7
6207,7
6208,7
6209,7
6210,7
6211,7
6212,7
6213,7
6214,7
6215,7
6216,7
6217,7
6218,7
6219,7
6220,7
6221,7
6222,7
6223,7
6224,7
6225,7
6226,7
6227,7
6228,7
6229,7
6230,7
6231,7
6232,7
6233,7
6234,7
6235,7
6236,7
6237,7
6238,7
6239,7
6240,7
6241,7
6242,7
6243,7
6244,7
6245,7
6246,7
6247,7
6248,7
6249,7
6250,7
6251,7
6252,7
6253,7
6254,7
6255,7
6256,7
6257,7
6258,7
6259,7
6260,7
6261,7
6262,7
6263,7
6264,7
6265,7
6266,7
6267,7
6268,7
6269,7
6270,7
6271,7
6272,7
6273,7
6274,7
6275,7
6276,7
6277,7
6278,7
6279,7
6280,7
6281,7
6282,7
6283,7
6284,7
6285,7
6286,7
6287,7
6288,7
6289,7
6290,7
6291,7
6292,7
6293,7
6294,7
6295,7
6296,7
6297,7
6298,7
6299,7
6300,7
6301,7
6302,7
6303,7
6304,7
6305,7
6306,7
6307,7
6308,7
6309,7
6310,7
6311,7
6312,7
6313,7
6314,7
6315,7
6316,7
6317,7
6318,7
6319,7
6320,7
6321,7
6322,7
6323,7
6324,7
6325,7
6326,7
6327,7
6328,7
6329,7
6330,7
6331,7
6332,7
6333,7
6334,7
6335,7
6336,7
6337,7
6338,7
6339,7
6340,7
6341,7
6342,7
6343,7
6344,7
6345,7
6346,7
6347,7
6348,7
6349,7
6350,7
6351,7
6352,7
6353,7
6354,7
6355,7
6356,7
6357,7
6358,7
6359,7
6360,7
6361,7
6362,7
6363,7
6364,7
6365,7
6366,7
6367,7
6368,7
6369,7
6370,7
6371,7
6372,7
6373,7
6374,7
6375,7
6376,7
6377,7
6378,7
6379,7
6380,7
6381,7
6382,7
6383,7
6384,7
6385,7
6386,7
6387,7
6388,7
6389,7
6390,7
6391,7
6392,7
6393,7
6394,7
6395,7
6396,7
6397,7
6398,7
6399,7
6400,7
6401,7
6402,7
6403,7
6404,7
6405,7
6406,7
6407,7
6408,7
6409,7
6410,7
6411,7
6412,7
6413,7
6414,7
6415,7
6416,7
6417,7
6418,7
6419,7
6420,7
6421,7
6422,7
6423,7
6424,7
6425,7
6426,7
6427,7
6428,7
6429,7
6430,7
6431,7
6432,7
6433,7
6434,7
6435,7
6436,7
6437,7
6438,7
6439,7
6440,7
6441,7
6442,7
6443,7
6444,7
6445,7
6446,7
6447,7
6448,7
6449,7
6450,7
6451,7
6452,7
6453,7
6454,7
6455,7
6456,7
6457,7
6458,7
6459,7
6460,7
6461,7
6462,7
6463,7
6464,7
6465,7
6466,7
6467,7
6468,7
6469,7
6470,7
6471,7
6472,7
6473,7
6474,7
6475,7
6476,7
6477,7
6478,7
6479,7
6480,7
6481,7
6482,7
6483,7
6484,7
6485,7
6486,7
6487,7
6488,7
6489,7
6490,7
6491,7
6492,7
6493,7
6494,7
6495,7
6496,7
6497,7
6498,7
6499,7
6500,7
6501,7
6502,7
6503,7
6504,7
6505,7
6506,7
6507,7
6508,7
6509,7
6510,7
6511,7
6512,7
6513,7
6514,7
6515,7
6516,7
6517,7
6518,7
6519,7
6520,7
6521,7
6522,7
6523,7
6524,7
6525,7
6526,7
6527,7
6528,7
6529,7
6530,7
6531,7
6532,7
6533,7
6534,7
6535,7
6536,7
6537,7
6538,7
6539,7
6540,7
6541,7
6542,7
6543,7
6544,7
6545,7
6546,7
6547,7
6548,7
6549,7
6550,7
6551,7
6552,7
6553,7
6554,7
6555,7
6556,7
6557,7
6558,7
6559,7
6560,7
6561,7
6562,7
6563,7
6564,7
6565,7
6566,7
6567,7
6568,7
6569,7
6570,7
6571,7
6572,7
6573,7
6574,7
6575,7
6576,7
6577,7
6578,7
6579,7
6580,7
6581,7
6582,7
6583,7
6584,7
6585,7
6586,7
6587,7
6588,7
6589,7
6590,7
6591,7
6592,7
6593,7
6594,7
6595,7
6596,7
6597,7
6598,7
6599,7
6600,7
6601,7
6602,7
6603,7
6604,7
6605,7
6606,7
6607,7
6608,7
6609,7
6632,8
6633,8
6634,8
6635,8
6636,8
6637,8
6638,8
6639,8
6640,8
6641,8
6642,8
6643,8
6644,8
6645,8
6646,8
6647,8
6648,8
6649,8
6650,8
6651,8
6652,8
6653,8
6654,8
6655,8
6656,8
6657,8
6658,8
6659,8
6660,8
6661,8
6662,8
6663,8
6664,8
6665,8
6666,8
6667,8
6668,8
6669,8
6670,8
6671,8
6672,8
6673,8
6674,8
6675,8
6676,8
6677,8
6678,8
6679,8
6680,8
6681,8
6682,8
6683,8
6684,8
6685,8
6686,8
6687,8
6688,8
6689,8
6690,8
6691,8
6692,8
6693,8
6694,8
6695,8
6696,8
6697,8
6698,8
6699,8
6700,8
6701,8
6702,8
6703,8
6704,8
6705,8
6706,8
6707,8
6708,8
6709,8
6710,8
6711,8
6712,8
6713,8
6714,8
6715,8
6716,8
6717,8
6718,8
6719,8
6720,8
6721,8
6722,8
6723,8
6724,8
6725,8
6726,8
6727,8
6728,8
6729,8
6730,8
6731,8
6732,8
6733,8
6734,8
6735,8
6736,8
6737,8
6738,8
6739,8
6740,8
6741,8
6742,8
6743,8
6744,8
6745,8
6746,8
6747,8
6748,8
6749,8
6750,8
6751,8
6752,8
6753,8
6754,8
6755,8
6756,8
6757,8
6758,8
6759,8
6760,8
6761,8
6762,8
6763,8
6764,8
6765,8
6766,8
6767,8
6768,8
6769,8
6770,8
6771,8
6772,8
6773,8
6774,8
6775,8
6776,8
6777,8
6778,8
6779,8
6780,8
6781,8
6782,8
6783,8
6784,8
6785,8
6786,8
6787,8
6788,8
6789,8
6790,8
6791,8
6792,8
6793,8
6794,8
6795,8
6796,8
6797,8
6798,8
6799,8
6800,8
6801,8
6802,8
6803,8
6804,8
6805,8
6806,8
6807,8
6808,8
6809,8
6810,8
6811,8
6812,8
6813,8
6814,8
6815,8
6816,8
6817,8
6818,8
6819,8
6820,8
6821,8
6822,8
6823,8
6824,8
6825,8
6826,8
6827,8
6828,8
6829,8
6830,8
6831,8
6832,8
6833,8
6834,8
6835,8
6836,8
6837,8
6838,8
6839,8
6840,8
6841,8
6842,8
6843,8
6844,8
6845,8
6846,8
6847,8
6848,8
6849,8
6850,8
6851,8
6852,8
6853,8
6854,8
6855,8
6856,8
6857,8
6858,8
6859,8
6860,8
6861,8
6862,8
6863,8
6864,8
6865,8
6866,8
6867,8
6868,8
6869,8
6870,8
6871,8
6872,8
6873,8
6874,8
6875,8
6876,8
6877,8
6878,8
6879,8
6880,8
6881,8
6882,8
6883,8
6884,8
6885,8
6886,8
6887,8
6888,8
6889,8
6890,8
6891,8
6892,8
6893,8
6894,8
6895,8
6896,8
6897,8
6898,8
6899,8
6900,8
6901,8
6902,8
6903,8
6904,8
6905,8
6906,8
6907,8
6908,8
6909,8
6910,8
6911,8
6912,8
6913,8
6914,8
6915,8
6916,8
6917,8
6918,8
6919,8
6920,8
6921,8
6922,8
6923,8
6924,8
6925,8
6926,8
6927,8
6928,8
6929,8
6930,8
6931,8
6932,8
6933,8
6934,8
6935,8
6936,8
6937,8
6938,8
6939,8
6940,8
6941,8
6942,8
6943,8
6944,8
6945,8
6946,8
6947,8
6948,8
6949,8
6950,8
6951,8
6952,8
6953,8
6954,8
6955,8
6956,8
6957,8
6958,8
6959,8
6960,8
6961,8
6962,8
6963,8
6964,8
6965,8
6966,8
6967,8
6968,8
6969,8
6970,8
6971,8
6972,8
6973,8
6974,8
6975,8
6976,8
6977,8
6978,8
6979,8
6980,8
6981,8
6982,8
6983,8
6984,8
6985,8
6986,8
6987,8
6988,8
6989,8
6990,8
6991,8
6992,8
6993,8
6994,8
6995,8
6996,8
6997,8
6998,8
6999,8
7000,8
7001,8
7002,8
7003,8
7004,8
7005,8
7006,8
7007,8
7008,8
7009,8
7010,8
7011,8
7012,8
7013,8
7014,8
7015,8
7016,8
7017,8
7018,8
7019,8
7020,8
7021,8
7022,8
7023,8
7024,8
7025,8
7026,8
7027,8
7028,8
7029,8
7030,8
7031,8
7032,8
7033,8
7034,8
7035,8
7036,8
7037,8
7038,8
7039,8
7040,8
7041,8
7042,8
7043,8
7044,8
7045,8
7046,8
7047,8
7048,8
7049,8
7050,8
7051,8
7052,8
7053,8
7054,8
7055,8
7056,8
7057,8
7058,8
7059,8
7060,8
7061,8
7062,8
7063,8
7064,8
7065,8
7066,8
7067,8
7068,8
7069,8
7070,8
7071,8
7072,8
7073,8
7074,8
7075,8
7076,8
7077,8
7078,8
7079,8
7080,8
7081,8
7082,8
7083,8
7084,8
7085,8
7086,8
7087,8
7088,8
7089,8
7090,8
7091,8
7092,8
7093,8
7094,8
7095,8
7096,8
7097,8
7098,8
7099,8
7100,8
7101,8
7102,8
7103,8
7104,8
7105,8
7106,8
7107,8
7108,8
7109,8
7110,8
7111,8
7112,8
7113,8
7114,8
7115,8
7116,8
7117,8
7118,8
7119,8
7120,8
7121,8
7122,8
7123,8
7124,8
7125,8
7126,8
7127,8
7128,8
7129,8
7130,8
7131,8
7132,8
7133,8
7134,8
7135,8
7136,8
7137,8
7138,8
7139,8
7140,8
7141,8
7142,8
7143,8
7144,8
7145,8
7146,8
7147,8
7148,8
7149,8
7150,8
7151,8
7152,8
7153,8
7154,8
7155,8
7156,8
7157,8
7158,8
7159,8
7160,8
7161,8
7162,8
7163,8
7164,8
7165,8
7166,8
7167,8
7168,8
7169,8
7170,8
7171,8
7172,8
7173,8
7174,8
7175,8
7176,8
7177,8
7178,8
7179,8
7180,8
7181,8
7182,8
7183,8
7184,8
7185,8
7186,8
7187,8
7188,8
7189,8
7190,8
7191,8
7192,8
7193,8
7194,8
7195,8
7196,8
7197,8
7198,8
7199,8
7200,8
7201,8
7202,8
7203,8
7204,8
7205,8
7206,8
7207,8
7208,8
7209,8
7210,8
7211,8
7212,8
7213,8
7214,8
7215,8
7216,8
7217,8
7218,8
7219,8
7220,8
7221,8
7222,8
7223,8
7224,8
7225,8
7226,8
7227,8
7228,8
7229,8
7230,8
7231,8
7232,8
7233,8
7234,8
7235,8
7236,8
7237,8
7238,8
7239,8
7240,8
7241,8
7242,8
7243,8
7244,8
7245,8
7246,8
7247,8
7248,8
7249,8
7250,8
7251,8
7252,8
7253,8
7254,8
7255,8
7256,8
7257,8
7258,8
7259,8
7260,8
7261,8
7262,8
7263,8
7264,8
7265,8
7266,8
7267,8
7268,8
7269,8
7270,8
7271,8
7272,8
7273,8
7274,8
7275,8
7276,8
7277,8
7278,8
7279,8
7280,8
7281,8
7282,8
7283,8
7284,8
7285,8
7286,8
7287,8
7288,8
7289,8
7290,8
7291,8
7292,8
7293,8
7294,8
7295,8
7296,8
7297,8
7298,8
7299,8
7300,8
7301,8
7302,8
7303,8
7304,8
7305,8
7306,8
7307,8
7308,8
7309,8
7310,8
7311,8
7312,8
7313,8
7314,8
7315,8
7316,8
7317,8
7318,8
7319,8
7320,8
7321,8
7322,8
7323,8
7324,8
7325,8
7326,8
7327,8
7328,8
7329,8
7330,8
7331,8
7332,8
7333,8
7334,8
7335,8
7336,8
7337,8
7338,8
7339,8
7340,8
7341,8
7342,8
7343,8
7344,8
7345,8
7346,8
7347,8
7348,8
7349,8
7350,8
7351,8
7352,8
7353,8
7354,8
7355,8
7356,8
7357,8
7358,8
7359,8
7360,8
